Workbook

Sheet nodeId
A1: nodeNum | B1: City | C1: type | D1: fi_0 | E1: oi | F1: si_num | G1: capacity | H1: si_1 | I1: factor | J1: fi | K1: di | L1: si | M1: supply factor
A2: 0 | B2: Acton | C2: C | F2: 52750 | H2: =F2*25 -> 1318750 | L2: =H2*$M$2 -> 1318750 | M2: 1
A3: 1 | B3: Arnprior | C3: C | F3: 29860 | H3: =F3*25 -> 746500 | L3: =H3*$M$2 -> 746500
A4: 2 | B4: Arthur | C4: C | F4: 44602 | H4: =F4*25 -> 1115050 | L4: =H4*$M$2 -> 1115050
A5: 3 | B5: Aurora | C5: C | F5: 110396 | H5: =F5*25 -> 2759900 | L5: =H5*$M$2 -> 2759900
A6: 4 | B6: Beaverton | C6: C | F6: 77661 | H6: =F6*25 -> 1941525 | L6: =H6*$M$2 -> 1941525
A7: 5 | B7: Bowmanville | C7: C | F7: 77661 | H7: =F7*25 -> 1941525 | L7: =H7*$M$2 -> 1941525
A8: 6 | B8: Bradford | C8: C | F8: 103343 | H8: =F8*25 -> 2583575 | L8: =H8*$M$2 -> 2583575
A9: 7 | B9: Brampton | C9: C | F9: 371033 | H9: =F9*25 -> 9275825 | L9: =H9*$M$2 -> 9275825
A10: 8 | B10: Brantford | C10: C | F10: 83809 | H10: =F10*25 -> 2095225 | L10: =H10*$M$2 -> 2095225
A11: 9 | B11: Caistor Centre | C11: C | F11: 4704 | H11: =F11*25 -> 117600 | L11: =H11*$M$2 -> 117600
A12: 10 | B12: Caledon | C12: C | F12: 371033 | H12: =F12*25 -> 9275825 | L12: =H12*$M$2 -> 9275825
A13: 11 | B13: Cambridge | C13: C | F13: 107823 | H13: =F13*25 -> 2695575 | L13: =H13*$M$2 -> 2695575
A14: 12 | B14: Clarence Creek | C14: C | F14: 110396 | H14: =F14*25 -> 2759900 | L14: =H14*$M$2 -> 2759900
... A78: 76 | B78: Windsor | C78: C | F78: 56665 | H78: =F78*25 -> 1416625 | L78: =H78*$M$2 -> 1416625
A79: 77 | B79: Toronto | C79: R | D79: 2000000 | E79: 0 | G79: 643780300000 | I79: 1.0092964 | J79: =D79*I79 -> 2018592.8
A80: 78 | B80: Ottawa | C80: R | D80: 2000000 | E80: 0 | G80: 643780300000 | I80: 1.0062721 | J80: =D80*I80 -> 2012544.2
A81: 79 | B81: Mississauga | C81: R | D81: 2000000 | E81: 0 | G81: 643780300000 | I81: 1.0179347 | J81: =D81*I81 -> 2035869.4
A82: 80 | B82: Brampton | C82: R | D82: 2000000 | E82: 0 | G82: 643780300000 | I82: 1.0179347 | J82: =D82*I82 -> 2035869.4
A83: 81 | B83: Hamilton | C83: R | D83: 2000000 | E83: 0 | G83: 643780300000 | I83: 1.0178776 | J83: =D83*I83 -> 2035755.2
A84: 82 | B84: London | C84: R | D84: 2000000 | E84: 0 | G84: 643780300000 | I84: 1.0098273 | J84: =D84*I84 -> 2019654.7
A85: 83 | B85: Markham | C85: R | D85: 2000000 | E85: 0 | G85: 643780300000 | I85: 1.0178776 | J85: =D85*I85 -> 2035755.2
A86: 84 | B86: Vaughan | C86: R | D86: 2000000 | E86: 0 | G86: 643780300000 | I86: 1.0082075 | J86: =D86*I86 -> 2016415
A87: 85 | B87: Kitchener | C87: R | D87: 2000000 | E87: 0 | G87: 643780300000 | I87: 1.0126383 | J87: =D87*I87 -> 2025276.7
A88: 86 | B88: Windsor | C88: R | D88: 2000000 | E88: 0 | G88: 643780300000 | I88: 1.0109401 | J88: =D88*I88 -> 2021880.1
A89: 87 | B89: Oakville | C89: R | D89: 2000000 | E89: 0 | G89: 643780300000 | I89: 1.0273074 | J89: =D89*I89 -> 2054614.9
A90: 88 | B90: Richmond Hill | C90: R | D90: 2000000 | E90: 0 | G90: 643780300000 | I90: 1.0178776 | J90: =D90*I90 -> 2035755.2
... A179: 177 | B179: Penetanguishene | C179: R | D179: 2000000 | E179: 0 | G179: 643780300000 | I179: 1.0082075 | J179: =D179*I179 -> 2016415
A180: 178 | B180: Fiat Chrysler Automobiles, Brampton Assembly Plant | C180: M | K180: =SUM($L$2:$L$78)*0.8/18 -> 7153114.4
A181: 179 | B181: Stellantis (Chrysler) Windsor | C181: M | K181: =SUM($L$2:$L$78)*0.8/18 -> 7153114.4
A182: 180 | B182: Oakville Assembly Complex, Ford Motor Company of Canada, Limited | C182: M | K182: =SUM($L$2:$L$78)*0.8/18 -> 7153114.4
A183: 181 | B183: St. Thomas Assembly Plant | C183: M | K183: =SUM($L$2:$L$78)*0.8/18 -> 7153114.4
A184: 182 | B184: Ford Motor Co. Windsor Engine Plant | C184: M | K184: =SUM($L$2:$L$78)*0.8/18 -> 7153114.4
A185: 183 | B185: Ford | C185: M | K185: =SUM($L$2:$L$78)*0.8/18 -> 7153114.4
A186: 184 | B186: Oakville Assembly Complex, Ford Motor Company of Canada, Limited | C186: M | K186: =SUM($L$2:$L$78)*0.8/18 -> 7153114.4
A187: 185 | B187: Ford Motor Co of Canada Ltd | C187: M | K187: =SUM($L$2:$L$78)*0.8/18 -> 7153114.4
A188: 186 | B188: GM Oshawa Assembly | C188: M | K188: =SUM($L$2:$L$78)*0.8/18 -> 7153114.4
A189: 187 | B189: General Motors of Canada Company | C189: M | K189: =SUM($L$2:$L$78)*0.8/18 -> 7153114.4
A190: 188 | B190: GM CAMI Assembly | C190: M | K190: =SUM($L$2:$L$78)*0.8/18 -> 7153114.4
A191: 189 | B191: Honda of Canada Mfg. | C191: M | K191: =SUM($L$2:$L$78)*0.8/18 -> 7153114.4
... A197: 195 | B197: Toyotetsu Canada Inc (TTCA) | C197: M | K197: =SUM($L$2:$L$78)*0.8/18 -> 7153114.4
A198: 196 | B198: Toronto | C198: L
A199: 197 | B199: Ottawa | C199: L
A200: 198 | B200: Mississauga | C200: L
A201: 199 | B201: Brampton | C201: L
A202: 200 | B202: Hamilton | C202: L
A203: 201 | B203: London | C203: L
A204: 202 | B204: Markham | C204: L
A205: 203 | B205: Vaughan | C205: L
A206: 204 | B206: Kitchener | C206: L
A207: 205 | B207: Windsor | C207: L
A208: 206 | B208: Oakville | C208: L
A209: 207 | B209: Richmond Hill | C209: L
... A298: 296 | B298: Penetanguishene | C298: L

Sheet Time_nodeID

Sheet Node_10_2
A1: nodeNum | B1: City | C1: type | D1: f_og | E1: factor | F1: f_i | G1: capacity | H1: o_i | I1: d_1 | J1: d_2 | K1: d_3 | L1: d_4 | M1: d_5 | N1: si | O1: si_num | P1: s_1 | Q1: s_2 | R1: s_3 | S1: s_4 | T1: s_5
A2: 0 | B2: Acton | C2: C | N2: 52750 | O2: =N2*25 -> 1318750 | P2: 1261476.8 | Q2: 1338346.5 | R2: 1384874.5 | S2: 1489897 | T2: 1557955.8
A3: 1 | B3: Arnprior | C3: C | N3: 29860 | O3: =N3*25 -> 746500 | P3: 792590.65 | Q3: 690543.33 | R3: 715763.19 | S3: 824784.19 | T3: 734647.83
A4: 2 | B4: Arthur | C4: C | N4: 44602 | O4: =N4*25 -> 1115050 | P4: 1132285.4 | Q4: 1148141.2 | R4: 1397594.9 | S4: 1110342 | T4: 1080435.6
A5: 3 | B5: Aurora | C5: C | N5: 110396 | O5: =N5*25 -> 2759900 | P5: 3146349.3 | Q5: 2454838 | R5: 2744802.2 | S5: 2421977.9 | T5: 2280518.1
A6: 4 | B6: Beaverton | C6: C | N6: 77661 | O6: =N6*25 -> 1941525 | P6: 2000595.1 | Q6: 2036691 | R6: 1819650.6 | S6: 2293933.6 | T6: 1459759.8
A7: 5 | B7: Bowmanville | C7: C | N7: 77661 | O7: =N7*25 -> 1941525 | P7: 2005417.9 | Q7: 1997816.1 | R7: 2177575.3 | S7: 1892014.1 | T7: 1881354.5
A8: 6 | B8: Bradford | C8: C | N8: 103343 | O8: =N8*25 -> 2583575 | P8: 2467199.2 | Q8: 2651596.6 | R8: 2764535.5 | S8: 2165230.3 | T8: 3028606
A9: 7 | B9: Brampton | C9: C | N9: 371033 | O9: =N9*25 -> 9275825 | P9: 9213869 | Q9: 7823851.7 | R9: 9521632.6 | S9: 8979472.3 | T9: 8233982.5
A10: 8 | B10: Brantford | C10: C | N10: 83809 | O10: =N10*25 -> 2095225 | P10: 2259015.1 | Q10: 1988340.4 | R10: 2142791.7 | S10: 2205250.1 | T10: 2125387.6
A11: 9 | B11: Caistor Centre | C11: C | N11: 4704 | O11: =N11*25 -> 117600 | P11: 125242.7 | Q11: 125614.95 | R11: 108794.98 | S11: 105736.1 | T11: 85840.964
A12: 10 | B12: Caledon | C12: C | N12: 371033 | O12: =N12*25 -> 9275825 | P12: 9206180.2 | Q12: 10298203 | R12: 7841041.7 | S12: 8608089.1 | T12: 10085081
A13: 11 | B13: Cambridge | C13: C | N13: 107823 | O13: =N13*25 -> 2695575 | P13: 2903330.2 | Q13: 2517450.5 | R13: 2185642.4 | S13: 2778500.8 | T13: 2969388.6
... A78: 76 | B78: Windsor | C78: C | N78: 56665 | O78: =N78*25 -> 1416625 | P78: 1547033.7 | Q78: 1436515.6 | R78: 1421102.4 | S78: 1487461.5 | T78: 1534293.6
A79: 77 | B79: Toronto | C79: R | D79: 2000000 | E79: 1.0092964 | F79: =D79*E79 -> 2018592.8 | G79: 6000000000 | H79: 0.02
A80: 78 | B80: Ottawa | C80: R | D80: 2000000 | E80: 1.0062721 | F80: =D80*E80 -> 2012544.2 | G80: 6000000000 | H80: 0.02
A81: 79 | B81: Mississauga | C81: R | D81: 2000000 | E81: 1.0179347 | F81: =D81*E81 -> 2035869.4 | G81: 6000000000 | H81: 0.02
A82: 80 | B82: Brampton | C82: R | D82: 2000000 | E82: 1.0179347 | F82: =D82*E82 -> 2035869.4 | G82: 6000000000 | H82: 0.02
A83: 81 | B83: Hamilton | C83: R | D83: 2000000 | E83: 1.0178776 | F83: =D83*E83 -> 2035755.2 | G83: 6000000000 | H83: 0.02
A84: 82 | B84: London | C84: R | D84: 2000000 | E84: 1.0098273 | F84: =D84*E84 -> 2019654.7 | G84: 6000000000 | H84: 0.02
A85: 83 | B85: Markham | C85: R | D85: 2000000 | E85: 1.0178776 | F85: =D85*E85 -> 2035755.2 | G85: 6000000000 | H85: 0.02
A86: 84 | B86: Vaughan | C86: R | D86: 2000000 | E86: 1.0082075 | F86: =D86*E86 -> 2016415 | G86: 6000000000 | H86: 0.02
A87: 85 | B87: Kitchener | C87: R | D87: 2000000 | E87: 1.0126383 | F87: =D87*E87 -> 2025276.7 | G87: 6000000000 | H87: 0.02
A88: 86 | B88: Windsor | C88: R | D88: 2000000 | E88: 1.0109401 | F88: =D88*E88 -> 2021880.1 | G88: 6000000000 | H88: 0.02
A89: 87 | B89: Oakville | C89: R | D89: 2000000 | E89: 1.0273074 | F89: =D89*E89 -> 2054614.9 | G89: 6000000000 | H89: 0.02
A90: 88 | B90: Richmond Hill | C90: R | D90: 2000000 | E90: 1.0178776 | F90: =D90*E90 -> 2035755.2 | G90: 6000000000 | H90: 0.02
... A179: 177 | B179: Penetanguishene | C179: R | D179: 2000000 | E179: 1.0082075 | F179: =D179*E179 -> 2016415 | G179: 6000000000 | H179: 0.02
A180: 178 | B180: Fiat Chrysler Automobiles, Brampton Assembly Plant | C180: M | I180: =SUM(P2:P78)*0.8/18 -> 6920059.5 | J180: =SUM(Q2:Q78)*0.8/18 -> 7159085.9 | K180: =SUM(R2:R78)*0.8/18 -> 7142063 | L180: =SUM(S2:S78)*0.8/18 -> 7275295.4 | M180: =SUM(T2:T78)*0.8/18 -> 7158427.6
A181: 179 | B181: Stellantis (Chrysler) Windsor | C181: M | I181: 6920059.5 | J181: 7159085.9 | K181: 7142063 | L181: 7275295.4 | M181: 7158427.6
A182: 180 | B182: Oakville Assembly Complex, Ford Motor Company of Canada, Limited | C182: M | I182: 6920059.5 | J182: 7159085.9 | K182: 7142063 | L182: 7275295.4 | M182: 7158427.6
A183: 181 | B183: St. Thomas Assembly Plant | C183: M | I183: 6920059.5 | J183: 7159085.9 | K183: 7142063 | L183: 7275295.4 | M183: 7158427.6
A184: 182 | B184: Ford Motor Co. Windsor Engine Plant | C184: M | I184: 6920059.5 | J184: 7159085.9 | K184: 7142063 | L184: 7275295.4 | M184: 7158427.6
A185: 183 | B185: Ford | C185: M | I185: 6920059.5 | J185: 7159085.9 | K185: 7142063 | L185: 7275295.4 | M185: 7158427.6
A186: 184 | B186: Oakville Assembly Complex, Ford Motor Company of Canada, Limited | C186: M | I186: 6920059.5 | J186: 7159085.9 | K186: 7142063 | L186: 7275295.4 | M186: 7158427.6
A187: 185 | B187: Ford Motor Co of Canada Ltd | C187: M | I187: 6920059.5 | J187: 7159085.9 | K187: 7142063 | L187: 7275295.4 | M187: 7158427.6
A188: 186 | B188: GM Oshawa Assembly | C188: M | I188: 6920059.5 | J188: 7159085.9 | K188: 7142063 | L188: 7275295.4 | M188: 7158427.6
A189: 187 | B189: General Motors of Canada Company | C189: M | I189: 6920059.5 | J189: 7159085.9 | K189: 7142063 | L189: 7275295.4 | M189: 7158427.6
A190: 188 | B190: GM CAMI Assembly | C190: M | I190: 6920059.5 | J190: 7159085.9 | K190: 7142063 | L190: 7275295.4 | M190: 7158427.6
A191: 189 | B191: Honda of Canada Mfg. | C191: M | I191: 6920059.5 | J191: 7159085.9 | K191: 7142063 | L191: 7275295.4 | M191: 7158427.6
A192: 190 | B192: Honda of Canada Manufacturing Gate B Rafid | C192: M | I192: 6920059.5 | J192: 7159085.9 | K192: 7142063 | L192: 7275295.4 | M192: 7158427.6
... A197: 195 | B197: Toyotetsu Canada Inc (TTCA) | C197: M | I197: 6920059.5 | J197: 7159085.9 | K197: 7142063 | L197: 7275295.4 | M197: 7158427.6
A198: 196 | B198: Toronto | C198: L
A199: 197 | B199: Ottawa | C199: L
A200: 198 | B200: Mississauga | C200: L
A201: 199 | B201: Brampton | C201: L
A202: 200 | B202: Hamilton | C202: L
A203: 201 | B203: London | C203: L
A204: 202 | B204: Markham | C204: L
A205: 203 | B205: Vaughan | C205: L
A206: 204 | B206: Kitchener | C206: L
A207: 205 | B207: Windsor | C207: L
A208: 206 | B208: Oakville | C208: L
A209: 207 | B209: Richmond Hill | C209: L
... A298: 296 | B298: Penetanguishene | C298: L

Sheet Node_stochastic_10
A1: nodeNum | B1: City | C1: type | D1: f_og | E1: factor | F1: f_i | G1: capacity | H1: o_i | I1: d_1 | J1: d_2 | K1: d_3 | L1: d_4 | M1: d_5 | N1: d_6 | O1: d_7 | P1: d_8 | Q1: d_9 | R1: d_10 | S1: d_11 | T1: d_12 | U1: d_13 | V1: d_14 | W1: d_15 | X1: d_16 | Y1: d_17 | Z1: d_18 | AA1: d_19 | AB1: d_20 | AC1: si | AD1: si_num | AE1: s_1 | AF1: s_2 | AG1: s_3 | AH1: s_4 | AI1: s_5 | AJ1: s_6 | AK1: s_7 | AL1: s_8 | AM1: s_9 | AN1: s_10 | AO1: s_11 | AP1: s_12 | AQ1: s_13 | AR1: s_14 | AS1: s_15 | AT1: s_16 | AU1: s_17 | AV1: s_18 | AW1: s_19 | AX1: s_20
A2: 0 | B2: Acton | C2: C | AC2: 52750 | AD2: =AC2*25 -> 1318750 | AE2: 1319210.5 | AF2: 1318043.8 | AG2: 1319137 | AH2: 1318914.8 | AI2: 1318930.7 | AJ2: 1318519.6 | AK2: 1319095.7 | AL2: 1319161.3 | AM2: 1318811.2 | AN2: 1319158.3 | AO2: 1318556.3 | AP2: 1317891.7 | AQ2: 1317725.8 | AR2: 1318648.5 | AS2: 1318225.2 | AT2: 1318018.6 | AU2: 1318737.9 | AV2: 1318005.2 | AW2: 1318640.8 | AX2: 1318872.1
A3: 1 | B3: Arnprior | C3: C | AC3: 29860 | AD3: =AC3*25 -> 746500 | AE3: 746810.62 | AF3: 746406.2 | AG3: 746409.4 | AH3: 746237.1 | AI3: 746321.48 | AJ3: 746110.7 | AK3: 746859.45 | AL3: 746194.71 | AM3: 746493.01 | AN3: 746617.32 | AO3: 746459.79 | AP3: 746594.35 | AQ3: 746614.41 | AR3: 746111.06 | AS3: 746157.15 | AT3: 746066.4 | AU3: 746372.88 | AV3: 746637.26 | AW3: 746241.22 | AX3: 745907.01
A4: 2 | B4: Arthur | C4: C | AC4: 44602 | AD4: =AC4*25 -> 1115050 | AE4: 1115210.8 | AF4: 1115286.8 | AG4: 1114858.8 | AH4: 1114796.9 | AI4: 1115046.4 | AJ4: 1114979.1 | AK4: 1115136.3 | AL4: 1114917.4 | AM4: 1114817.9 | AN4: 1114702.3 | AO4: 1115432 | AP4: 1114740.6 | AQ4: 1114936.4 | AR4: 1115690.5 | AS4: 1114566.3 | AT4: 1115610.9 | AU4: 1114934.4 | AV4: 1115076.1 | AW4: 1115393.2 | AX4: 1114779.4
A5: 3 | B5: Aurora | C5: C | AC5: 110396 | AD5: =AC5*25 -> 2759900 | AE5: 2758813.4 | AF5: 2759157 | AG5: 2759671.6 | AH5: 2759554.4 | AI5: 2760036.2 | AJ5: 2760837.5 | AK5: 2760037.7 | AL5: 2759970.2 | AM5: 2758937 | AN5: 2759618.4 | AO5: 2759237.8 | AP5: 2760862.7 | AQ5: 2759656.6 | AR5: 2759824.3 | AS5: 2759699.2 | AT5: 2760962.5 | AU5: 2759674.7 | AV5: 2760210.3 | AW5: 2760882 | AX5: 2759683
A6: 4 | B6: Beaverton | C6: C | AC6: 77661 | AD6: =AC6*25 -> 1941525 | AE6: 1942083.6 | AF6: 1941274.4 | AG6: 1941257.8 | AH6: 1941474.8 | AI6: 1941333.1 | AJ6: 1941782.4 | AK6: 1941787.4 | AL6: 1941377 | AM6: 1941449.7 | AN6: 1941423.4 | AO6: 1940850.1 | AP6: 1940537.4 | AQ6: 1942395.9 | AR6: 1942020 | AS6: 1941184.6 | AT6: 1940789.2 | AU6: 1941608.3 | AV6: 1940738.2 | AW6: 1941366.3 | AX6: 1940643.5
A7: 5 | B7: Bowmanville | C7: C | AC7: 77661 | AD7: =AC7*25 -> 1941525 | AE7: 1941715.7 | AF7: 1940855.4 | AG7: 1941161.4 | AH7: 1942243 | AI7: 1941832.7 | AJ7: 1941417.7 | AK7: 1940949.2 | AL7: 1941340.9 | AM7: 1942082.9 | AN7: 1941956.4 | AO7: 1941939.2 | AP7: 1941473.2 | AQ7: 1941072.7 | AR7: 1941666.3 | AS7: 1941666.6 | AT7: 1941474.3 | AU7: 1941374.4 | AV7: 1942249.2 | AW7: 1941167.9 | AX7: 1941722.4
A8: 6 | B8: Bradford | C8: C | AC8: 103343 | AD8: =AC8*25 -> 2583575 | AE8: 2583365.8 | AF8: 2582533.2 | AG8: 2583836.4 | AH8: 2583690.1 | AI8: 2583039.3 | AJ8: 2584273.6 | AK8: 2584011.9 | AL8: 2583885.9 | AM8: 2584222.4 | AN8: 2583283.8 | AO8: 2584349.3 | AP8: 2584468.8 | AQ8: 2583314.3 | AR8: 2582800.2 | AS8: 2582962.6 | AT8: 2584475 | AU8: 2583961.6 | AV8: 2584229 | AW8: 2583699.6 | AX8: 2582743.7
A9: 7 | B9: Brampton | C9: C | AC9: 371033 | AD9: =AC9*25 -> 9275825 | AE9: 9276830.5 | AF9: 9274463.1 | AG9: 9276825.1 | AH9: 9276305.9 | AI9: 9274880.7 | AJ9: 9275540.7 | AK9: 9275306.3 | AL9: 9276056.5 | AM9: 9275990.9 | AN9: 9276261.8 | AO9: 9274938.1 | AP9: 9276633.7 | AQ9: 9276400.8 | AR9: 9274888.4 | AS9: 9275680.7 | AT9: 9276892.5 | AU9: 9274344.7 | AV9: 9276898.2 | AW9: 9276728.5 | AX9: 9274819
A10: 8 | B10: Brantford | C10: C | AC10: 83809 | AD10: =AC10*25 -> 2095225 | AE10: 2095114.7 | AF10: 2094862.8 | AG10: 2095098.5 | AH10: 2094296.1 | AI10: 2094507.6 | AJ10: 2095304.6 | AK10: 2094915.7 | AL10: 2094675 | AM10: 2095099.4 | AN10: 2094867.2 | AO10: 2094971.2 | AP10: 2094758.9 | AQ10: 2095524.7 | AR10: 2095981.4 | AS10: 2094325.2 | AT10: 2094913 | AU10: 2095332 | AV10: 2096012.5 | AW10: 2095610.2 | AX10: 2094631.8
A11: 9 | B11: Caistor Centre | C11: C | AC11: 4704 | AD11: =AC11*25 -> 117600 | AE11: 117700.36 | AF11: 117522.79 | AG11: 117599 | AH11: 117591.03 | AI11: 117642.36 | AJ11: 117571.5 | AK11: 117582.62 | AL11: 117620.83 | AM11: 117588.77 | AN11: 117559.65 | AO11: 117650.75 | AP11: 117783.5 | AQ11: 117584.44 | AR11: 117527.05 | AS11: 117666.15 | AT11: 117578.73 | AU11: 117443.34 | AV11: 117701.79 | AW11: 117569.72 | AX11: 117606.06
A12: 10 | B12: Caledon | C12: C | AC12: 371033 | AD12: =AC12*25 -> 9275825 | AE12: 9275966.6 | AF12: 9275204.5 | AG12: 9275980.2 | AH12: 9275984 | AI12: 9275707.1 | AJ12: 9278038.2 | AK12: 9275884.1 | AL12: 9275255.8 | AM12: 9275078 | AN12: 9276313.9 | AO12: 9275752.9 | AP12: 9275715.6 | AQ12: 9275976.5 | AR12: 9276441.4 | AS12: 9275644 | AT12: 9276965.5 | AU12: 9275211.5 | AV12: 9276085.9 | AW12: 9274483.8 | AX12: 9277161
A13: 11 | B13: Cambridge | C13: C | AC13: 107823 | AD13: =AC13*25 -> 2695575 | AE13: 2696185.1 | AF13: 2695730 | AG13: 2694476.6 | AH13: 2695367.8 | AI13: 2696045.3 | AJ13: 2695212.2 | AK13: 2695810.4 | AL13: 2694989.9 | AM13: 2694906.5 | AN13: 2696130 | AO13: 2695263.4 | AP13: 2694601 | AQ13: 2695363.7 | AR13: 2696044.2 | AS13: 2695711.5 | AT13: 2694771.8 | AU13: 2695232.9 | AV13: 2695558.8 | AW13: 2695664 | AX13: 2694371.6
... A78: 76 | B78: Windsor | C78: C | AC78: 56665 | AD78: =AC78*25 -> 1416625 | AE78: 1416804.5 | AF78: 1416504.8 | AG78: 1416738.2 | AH78: 1416523.7 | AI78: 1416853.1 | AJ78: 1417495.8 | AK78: 1415982.3 | AL78: 1416268.4 | AM78: 1417313.5 | AN78: 1416383.8 | AO78: 1416375.3 | AP78: 1417250.5 | AQ78: 1416109.3 | AR78: 1416735 | AS78: 1416779 | AT78: 1416389.3 | AU78: 1415880 | AV78: 1417293.3 | AW78: 1416910.5 | AX78: 1416839.6
A79: 77 | B79: Toronto | C79: R | D79: 2000000 | E79: 1.0092964 | F79: =D79*E79 -> 2018592.8 | G79: 6000000000 | H79: 0
A80: 78 | B80: Ottawa | C80: R | D80: 2000000 | E80: 1.0062721 | F80: =D80*E80 -> 2012544.2 | G80: 6000000000 | H80: 0
A81: 79 | B81: Mississauga | C81: R | D81: 2000000 | E81: 1.0179347 | F81: =D81*E81 -> 2035869.4 | G81: 6000000000 | H81: 0
A82: 80 | B82: Brampton | C82: R | D82: 2000000 | E82: 1.0179347 | F82: =D82*E82 -> 2035869.4 | G82: 6000000000 | H82: 0
A83: 81 | B83: Hamilton | C83: R | D83: 2000000 | E83: 1.0178776 | F83: =D83*E83 -> 2035755.2 | G83: 6000000000 | H83: 0
A84: 82 | B84: London | C84: R | D84: 2000000 | E84: 1.0098273 | F84: =D84*E84 -> 2019654.7 | G84: 6000000000 | H84: 0
A85: 83 | B85: Markham | C85: R | D85: 2000000 | E85: 1.0178776 | F85: =D85*E85 -> 2035755.2 | G85: 6000000000 | H85: 0
A86: 84 | B86: Vaughan | C86: R | D86: 2000000 | E86: 1.0082075 | F86: =D86*E86 -> 2016415 | G86: 6000000000 | H86: 0
A87: 85 | B87: Kitchener | C87: R | D87: 2000000 | E87: 1.0126383 | F87: =D87*E87 -> 2025276.7 | G87: 6000000000 | H87: 0
A88: 86 | B88: Windsor | C88: R | D88: 2000000 | E88: 1.0109401 | F88: =D88*E88 -> 2021880.1 | G88: 6000000000 | H88: 0
A89: 87 | B89: Oakville | C89: R | D89: 2000000 | E89: 1.0273074 | F89: =D89*E89 -> 2054614.9 | G89: 6000000000 | H89: 0
A90: 88 | B90: Richmond Hill | C90: R | D90: 2000000 | E90: 1.0178776 | F90: =D90*E90 -> 2035755.2 | G90: 6000000000 | H90: 0
... A179: 177 | B179: Penetanguishene | C179: R | D179: 2000000 | E179: 1.0082075 | F179: =D179*E179 -> 2016415 | G179: 6000000000 | H179: 0
A180: 178 | B180: Fiat Chrysler Automobiles, Brampton Assembly Plant | C180: M | I180: =SUM(AE2:AE78)*0.8/18 -> 7153506.9 | J180: =SUM(AF2:AF78)*0.8/18 -> 7152503.8 | K180: =SUM(AG2:AG78)*0.8/18 -> 7152951.4 | L180: =SUM(AH2:AH78)*0.8/18 -> 7152957.4 | M180: =SUM(AI2:AI78)*0.8/18 -> 7152966.8 | N180: =SUM(AJ2:AJ78)*0.8/18 -> 7153394.5 | O180: =SUM(AK2:AK78)*0.8/18 -> 7153024 | P180: =SUM(AL2:AL78)*0.8/18 -> 7152872.6 | ... AB180: =SUM(AX2:AX78)*0.8/18 -> 7152830.6
A181: 179 | B181: Stellantis (Chrysler) Windsor | C181: M | I181: 7153506.9 | J181: 7152503.8 | K181: 7152951.4 | L181: 7152957.4 | M181: 7152966.8 | N181: 7153394.5 | O181: 7153024 | P181: 7152872.6 | Q181: 7153276.1 | R181: 7153372.6 | S181: 7152931.2 | T181: 7153332.4 | U181: 7153110.9 | V181: 7152918.5 | W181: 7152873.9 | X181: 7153068.2 | Y181: 7152769.6 | Z181: 7153040.2 | AA181: 7153141.6 | AB181: 7152830.6
A182: 180 | B182: Oakville Assembly Complex, Ford Motor Company of Canada, Limited | C182: M | I182: 7153506.9 | J182: 7152503.8 | K182: 7152951.4 | L182: 7152957.4 | M182: 7152966.8 | N182: 7153394.5 | O182: 7153024 | P182: 7152872.6 | Q182: 7153276.1 | R182: 7153372.6 | S182: 7152931.2 | T182: 7153332.4 | U182: 7153110.9 | V182: 7152918.5 | W182: 7152873.9 | X182: 7153068.2 | Y182: 7152769.6 | Z182: 7153040.2 | AA182: 7153141.6 | AB182: 7152830.6
A183: 181 | B183: St. Thomas Assembly Plant | C183: M | I183: 7153506.9 | J183: 7152503.8 | K183: 7152951.4 | L183: 7152957.4 | M183: 7152966.8 | N183: 7153394.5 | O183: 7153024 | P183: 7152872.6 | Q183: 7153276.1 | R183: 7153372.6 | S183: 7152931.2 | T183: 7153332.4 | U183: 7153110.9 | V183: 7152918.5 | W183: 7152873.9 | X183: 7153068.2 | Y183: 7152769.6 | Z183: 7153040.2 | AA183: 7153141.6 | AB183: 7152830.6
A184: 182 | B184: Ford Motor Co. Windsor Engine Plant | C184: M | I184: 7153506.9 | J184: 7152503.8 | K184: 7152951.4 | L184: 7152957.4 | M184: 7152966.8 | N184: 7153394.5 | O184: 7153024 | P184: 7152872.6 | Q184: 7153276.1 | R184: 7153372.6 | S184: 7152931.2 | T184: 7153332.4 | U184: 7153110.9 | V184: 7152918.5 | W184: 7152873.9 | X184: 7153068.2 | Y184: 7152769.6 | Z184: 7153040.2 | AA184: 7153141.6 | AB184: 7152830.6
A185: 183 | B185: Ford | C185: M | I185: 7153506.9 | J185: 7152503.8 | K185: 7152951.4 | L185: 7152957.4 | M185: 7152966.8 | N185: 7153394.5 | O185: 7153024 | P185: 7152872.6 | Q185: 7153276.1 | R185: 7153372.6 | S185: 7152931.2 | T185: 7153332.4 | U185: 7153110.9 | V185: 7152918.5 | W185: 7152873.9 | X185: 7153068.2 | Y185: 7152769.6 | Z185: 7153040.2 | AA185: 7153141.6 | AB185: 7152830.6
A186: 184 | B186: Oakville Assembly Complex, Ford Motor Company of Canada, Limited | C186: M | I186: 7153506.9 | J186: 7152503.8 | K186: 7152951.4 | L186: 7152957.4 | M186: 7152966.8 | N186: 7153394.5 | O186: 7153024 | P186: 7152872.6 | Q186: 7153276.1 | R186: 7153372.6 | S186: 7152931.2 | T186: 7153332.4 | U186: 7153110.9 | V186: 7152918.5 | W186: 7152873.9 | X186: 7153068.2 | Y186: 7152769.6 | Z186: 7153040.2 | AA186: 7153141.6 | AB186: 7152830.6
A187: 185 | B187: Ford Motor Co of Canada Ltd | C187: M | I187: 7153506.9 | J187: 7152503.8 | K187: 7152951.4 | L187: 7152957.4 | M187: 7152966.8 | N187: 7153394.5 | O187: 7153024 | P187: 7152872.6 | Q187: 7153276.1 | R187: 7153372.6 | S187: 7152931.2 | T187: 7153332.4 | U187: 7153110.9 | V187: 7152918.5 | W187: 7152873.9 | X187: 7153068.2 | Y187: 7152769.6 | Z187: 7153040.2 | AA187: 7153141.6 | AB187: 7152830.6
A188: 186 | B188: GM Oshawa Assembly | C188: M | I188: 7153506.9 | J188: 7152503.8 | K188: 7152951.4 | L188: 7152957.4 | M188: 7152966.8 | N188: 7153394.5 | O188: 7153024 | P188: 7152872.6 | Q188: 7153276.1 | R188: 7153372.6 | S188: 7152931.2 | T188: 7153332.4 | U188: 7153110.9 | V188: 7152918.5 | W188: 7152873.9 | X188: 7153068.2 | Y188: 7152769.6 | Z188: 7153040.2 | AA188: 7153141.6 | AB188: 7152830.6
A189: 187 | B189: General Motors of Canada Company | C189: M | I189: 7153506.9 | J189: 7152503.8 | K189: 7152951.4 | L189: 7152957.4 | M189: 7152966.8 | N189: 7153394.5 | O189: 7153024 | P189: 7152872.6 | Q189: 7153276.1 | R189: 7153372.6 | S189: 7152931.2 | T189: 7153332.4 | U189: 7153110.9 | V189: 7152918.5 | W189: 7152873.9 | X189: 7153068.2 | Y189: 7152769.6 | Z189: 7153040.2 | AA189: 7153141.6 | AB189: 7152830.6
A190: 188 | B190: GM CAMI Assembly | C190: M | I190: 7153506.9 | J190: 7152503.8 | K190: 7152951.4 | L190: 7152957.4 | M190: 7152966.8 | N190: 7153394.5 | O190: 7153024 | P190: 7152872.6 | Q190: 7153276.1 | R190: 7153372.6 | S190: 7152931.2 | T190: 7153332.4 | U190: 7153110.9 | V190: 7152918.5 | W190: 7152873.9 | X190: 7153068.2 | Y190: 7152769.6 | Z190: 7153040.2 | AA190: 7153141.6 | AB190: 7152830.6
A191: 189 | B191: Honda of Canada Mfg. | C191: M | I191: 7153506.9 | J191: 7152503.8 | K191: 7152951.4 | L191: 7152957.4 | M191: 7152966.8 | N191: 7153394.5 | O191: 7153024 | P191: 7152872.6 | Q191: 7153276.1 | R191: 7153372.6 | S191: 7152931.2 | T191: 7153332.4 | U191: 7153110.9 | V191: 7152918.5 | W191: 7152873.9 | X191: 7153068.2 | Y191: 7152769.6 | Z191: 7153040.2 | AA191: 7153141.6 | AB191: 7152830.6
A192: 190 | B192: Honda of Canada Manufacturing Gate B Rafid | C192: M | I192: 7153506.9 | J192: 7152503.8 | K192: 7152951.4 | L192: 7152957.4 | M192: 7152966.8 | N192: 7153394.5 | O192: 7153024 | P192: 7152872.6 | Q192: 7153276.1 | R192: 7153372.6 | S192: 7152931.2 | T192: 7153332.4 | U192: 7153110.9 | V192: 7152918.5 | W192: 7152873.9 | X192: 7153068.2 | Y192: 7152769.6 | Z192: 7153040.2 | AA192: 7153141.6 | AB192: 7152830.6
... A197: 195 | B197: Toyotetsu Canada Inc (TTCA) | C197: M | I197: 7153506.9 | J197: 7152503.8 | K197: 7152951.4 | L197: 7152957.4 | M197: 7152966.8 | N197: 7153394.5 | O197: 7153024 | P197: 7152872.6 | Q197: 7153276.1 | R197: 7153372.6 | S197: 7152931.2 | T197: 7153332.4 | U197: 7153110.9 | V197: 7152918.5 | W197: 7152873.9 | X197: 7153068.2 | Y197: 7152769.6 | Z197: 7153040.2 | AA197: 7153141.6 | AB197: 7152830.6
A198: 196 | B198: Toronto | C198: L
A199: 197 | B199: Ottawa | C199: L
A200: 198 | B200: Mississauga | C200: L
A201: 199 | B201: Brampton | C201: L
A202: 200 | B202: Hamilton | C202: L
A203: 201 | B203: London | C203: L
A204: 202 | B204: Markham | C204: L
A205: 203 | B205: Vaughan | C205: L
A206: 204 | B206: Kitchener | C206: L
A207: 205 | B207: Windsor | C207: L
A208: 206 | B208: Oakville | C208: L
A209: 207 | B209: Richmond Hill | C209: L
... A298: 296 | B298: Penetanguishene | C298: L

Sheet Node_stochastic_20
A1: nodeNum | B1: City | C1: type | D1: f_i | E1: capacity | F1: o_i | G1: d_1 | H1: d_2 | I1: d_3 | J1: d_4 | K1: d_5 | L1: d_6 | M1: d_7 | N1: d_8 | O1: d_9 | P1: d_10 | Q1: d_11 | R1: d_12 | S1: d_13 | T1: d_14 | U1: d_15 | V1: d_16 | W1: d_17 | X1: d_18 | Y1: d_19 | Z1: d_20 | AA1: si | AB1: si_num | AC1: s_1 | AD1: s_2 | AE1: s_3 | AF1: s_4 | AG1: s_5 | AH1: s_6 | AI1: s_7 | AJ1: s_8 | AK1: s_9 | AL1: s_10 | AM1: s_11 | AN1: s_12 | AO1: s_13 | AP1: s_14 | AQ1: s_15 | AR1: s_16 | AS1: s_17 | AT1: s_18 | AU1: s_19 | AV1: s_20 | AW1: s_21 | AX1: s_22
A2: 0 | B2: Acton | C2: C | AA2: 52750 | AB2: =AA2*25 -> 1318750 | AC2: 1269840.6 | AD2: 1177060.3 | AE2: 1364375.8 | AF2: 1729294.9 | AG2: 1862210.7 | AH2: 1652842 | AI2: 1464194.1 | AJ2: 982944.66 | AK2: 1301630.8 | AL2: 1321113.2 | AM2: 1184386.9 | AN2: 1370347.6 | AO2: 1461086.9 | AP2: 1101303.8 | AQ2: 1275831.7 | AR2: 1262423.1 | AS2: 1063818.7 | AT2: 1504088.6 | AU2: 1147469.1 | AV2: 1374870.8 | AW2: 1558216.8 | AX2: 1281276.4
A3: 1 | B3: Arnprior | C3: C | AA3: 29860 | AB3: =AA3*25 -> 746500 | AC3: 615710.05 | AD3: 700197.36 | AE3: 759369.02 | AF3: 590112.78 | AG3: 775812.48 | AH3: 684640.84 | AI3: 583457.39 | AJ3: 431642.15 | AK3: 1006804.2 | AL3: 540506.41 | AM3: 430401.16 | AN3: 636022.62 | AO3: 689224.4 | AP3: 443978.37 | AQ3: 680554.58 | AR3: 731764.17 | AS3: 924805.89 | AT3: 847956.98 | AU3: 1003388.5 | AV3: 945949.95 | AW3: 786158.24 | AX3: 846680.65
A4: 2 | B4: Arthur | C4: C | AA4: 44602 | AB4: =AA4*25 -> 1115050 | AC4: 1155619.6 | AD4: 855278.92 | AE4: 1114511.4 | AF4: 856741.53 | AG4: 1300672.9 | AH4: 1083474.8 | AI4: 1118919.4 | AJ4: 854660.78 | AK4: 982392.6 | AL4: 813217.09 | AM4: 1015950.3 | AN4: 1542009.6 | AO4: 1019546.7 | AP4: 834918.58 | AQ4: 1088906.6 | AR4: 1003082.9 | AS4: 1149702.7 | AT4: 1007237.7 | AU4: 1113345.5 | AV4: 828560.16 | AW4: 759357.94 | AX4: 802528.87
A5: 3 | B5: Aurora | C5: C | AA5: 110396 | AB5: =AA5*25 -> 2759900 | AC5: 3499337 | AD5: 3741927.1 | AE5: 2243204.5 | AF5: 2452510.2 | AG5: 3366783.8 | AH5: 2356057.8 | AI5: 3228949.3 | AJ5: 1671923.1 | AK5: 3197448.7 | AL5: 3560418 | AM5: 2208418.5 | AN5: 3126952.7 | AO5: 3092226.1 | AP5: 3437440.8 | AQ5: 3215750 | AR5: 3725420.2 | AS5: 3214201.2 | AT5: 2648891.6 | AU5: 3225103.5 | AV5: 3296806.2 | AW5: 3289433 | AX5: 2961411.3
A6: 4 | B6: Beaverton | C6: C | AA6: 77661 | AB6: =AA6*25 -> 1941525 | AC6: 1340075.7 | AD6: 2128663.2 | AE6: 1754262.8 | AF6: 1878757.6 | AG6: 2054225.6 | AH6: 1315197.9 | AI6: 1372249.5 | AJ6: 1825783.6 | AK6: 1855393.3 | AL6: 2123128.6 | AM6: 1773068.6 | AN6: 2192716 | AO6: 1282234.6 | AP6: 1927113.5 | AQ6: 1758586.9 | AR6: 1764954.7 | AS6: 2416564.1 | AT6: 2876353.8 | AU6: 1369547.9 | AV6: 1627867.5 | AW6: 2288428 | AX6: 1787420
A7: 5 | B7: Bowmanville | C7: C | AA7: 77661 | AB7: =AA7*25 -> 1941525 | AC7: 1647478.4 | AD7: 1700425.9 | AE7: 1659199.5 | AF7: 2025655.1 | AG7: 2151331.1 | AH7: 1269115.2 | AI7: 2119200 | AJ7: 2038642.2 | AK7: 1809305.7 | AL7: 1635101.8 | AM7: 1889039.7 | AN7: 2266752.8 | AO7: 1714418.1 | AP7: 2201901.9 | AQ7: 2267379.9 | AR7: 1907735.7 | AS7: 2186043.9 | AT7: 1455226.7 | AU7: 2106309.1 | AV7: 1721600.5 | AW7: 1009223.8 | AX7: 1014787.5
A8: 6 | B8: Bradford | C8: C | AA8: 103343 | AB8: =AA8*25 -> 2583575 | AC8: 3058405.1 | AD8: 3206334.9 | AE8: 3213215 | AF8: 3458330.4 | AG8: 2505553.6 | AH8: 3147918.6 | AI8: 2455606.1 | AJ8: 2416776.3 | AK8: 3464456.9 | AL8: 2642846.2 | AM8: 2681598 | AN8: 2199117.6 | AO8: 3972662.9 | AP8: 2566249.2 | AQ8: 2433718.1 | AR8: 3030854.9 | AS8: 2211172.9 | AT8: 2464277.2 | AU8: 3080606.6 | AV8: 2384566 | AW8: 2315977.3 | AX8: 2700461.1
A9: 7 | B9: Brampton | C9: C | AA9: 371033 | AB9: =AA9*25 -> 9275825 | AC9: 13906052 | AD9: 10616621 | AE9: 6429251.3 | AF9: 10769159 | AG9: 7505899.7 | AH9: 11006175 | AI9: 12132414 | AJ9: 8636450.2 | AK9: 5454213.8 | AL9: 10132208 | AM9: 9409651.8 | AN9: 7513806.8 | AO9: 10360106 | AP9: 9290069.2 | AQ9: 10607793 | AR9: 9105089.7 | AS9: 8683918.9 | AT9: 8876343.1 | AU9: 6061122.2 | AV9: 11474143 | AW9: 8519939.3 | AX9: 11021065
A10: 8 | B10: Brantford | C10: C | AA10: 83809 | AB10: =AA10*25 -> 2095225 | AC10: 2162166.1 | AD10: 1741284.3 | AE10: 2647891.3 | AF10: 2158384.2 | AG10: 2107107.3 | AH10: 1836974.8 | AI10: 2377344.9 | AJ10: 2272384.9 | AK10: 1827638 | AL10: 1994430.1 | AM10: 2384009.6 | AN10: 3017920.6 | AO10: 2573783.6 | AP10: 1767019.5 | AQ10: 2035281.3 | AR10: 2682157.9 | AS10: 2129809.9 | AT10: 1854030.7 | AU10: 2389532.2 | AV10: 2549885.8 | AW10: 2328652.8 | AX10: 1287232.7
A11: 9 | B11: Caistor Centre | C11: C | AA11: 4704 | AB11: =AA11*25 -> 117600 | AC11: 109115.17 | AD11: 145475.18 | AE11: 96270.113 | AF11: 88653.837 | AG11: 161000.62 | AH11: 150667.37 | AI11: 117852.31 | AJ11: 106642.62 | AK11: 140498.66 | AL11: 139771.4 | AM11: 98136.72 | AN11: 93173.519 | AO11: 133213.2 | AP11: 131227.67 | AQ11: 126697.07 | AR11: 110671.82 | AS11: 131499.04 | AT11: 107520.46 | AU11: 145574.59 | AV11: 137570.38 | AW11: 174620.05 | AX11: 127915.87
A12: 10 | B12: Caledon | C12: C | AA12: 371033 | AB12: =AA12*25 -> 9275825 | AC12: 9467372.6 | AD12: 9926844.5 | AE12: 10877611 | AF12: 7548335.6 | AG12: 9583021.5 | AH12: 8635926.3 | AI12: 7426783.4 | AJ12: 9336493.4 | AK12: 10293779 | AL12: 11709073 | AM12: 7596948 | AN12: 9059931.3 | AO12: 8978929.3 | AP12: 7373577.9 | AQ12: 9714171.8 | AR12: 8255278.3 | AS12: 8401689.1 | AT12: 5895127.1 | AU12: 4704827.8 | AV12: 8605112.7 | AW12: 11774767 | AX12: 11233806
A13: 11 | B13: Cambridge | C13: C | AA13: 107823 | AB13: =AA13*25 -> 2695575 | AC13: 3509223.5 | AD13: 2994643.3 | AE13: 2237166.9 | AF13: 3583842.5 | AG13: 3247074.5 | AH13: 2167401.4 | AI13: 2596917.5 | AJ13: 2611060.5 | AK13: 3329754.6 | AL13: 2815303.3 | AM13: 2167453 | AN13: 2554794.9 | AO13: 3714119.5 | AP13: 1809500.9 | AQ13: 2343545 | AR13: 3046458.3 | AS13: 1962340.6 | AT13: 2926308.4 | AU13: 2388513.1 | AV13: 2781791 | AW13: 2629533.4 | AX13: 2560578.1
... A78: 76 | B78: Windsor | C78: C | AA78: 56665 | AB78: =AA78*25 -> 1416625 | AC78: 1292965.4 | AD78: 1560304.2 | AE78: 1689595.9 | AF78: 1124553.6 | AG78: 1684682.2 | AH78: 1329196.5 | AI78: 779928.11 | AJ78: 1267792.9 | AK78: 1028610.2 | AL78: 1013315 | AM78: 864547.47 | AN78: 1488248.1 | AO78: 1834969.5 | AP78: 1832119 | AQ78: 1895726.1 | AR78: 1375009.9 | AS78: 1094253.9 | AT78: 1274240.2 | AU78: 978497.56 | AV78: 1555283.3 | AW78: 1095734.8 | AX78: 1310709.8
A79: 77 | B79: Toronto | C79: R | D79: 2018592.8 | E79: 6000000000 | F79: 0.02
A80: 78 | B80: Ottawa | C80: R | D80: 2012544.2 | E80: 6000000000 | F80: 0.02
A81: 79 | B81: Mississauga | C81: R | D81: 2035869.4 | E81: 6000000000 | F81: 0.02
A82: 80 | B82: Brampton | C82: R | D82: 2035869.4 | E82: 6000000000 | F82: 0.02
A83: 81 | B83: Hamilton | C83: R | D83: 2035755.2 | E83: 6000000000 | F83: 0.02
A84: 82 | B84: London | C84: R | D84: 2019654.7 | E84: 6000000000 | F84: 0.02
A85: 83 | B85: Markham | C85: R | D85: 2035755.2 | E85: 6000000000 | F85: 0.02
A86: 84 | B86: Vaughan | C86: R | D86: 2016415 | E86: 6000000000 | F86: 0.02
A87: 85 | B87: Kitchener | C87: R | D87: 2025276.7 | E87: 6000000000 | F87: 0.02
A88: 86 | B88: Windsor | C88: R | D88: 2021880.1 | E88: 6000000000 | F88: 0.02
A89: 87 | B89: Oakville | C89: R | D89: 2054614.9 | E89: 6000000000 | F89: 0.02
A90: 88 | B90: Richmond Hill | C90: R | D90: 2035755.2 | E90: 6000000000 | F90: 0.02
... A179: 177 | B179: Penetanguishene | C179: R | D179: 2016415 | E179: 6000000000 | F179: 0.02
A180: 178 | B180: Fiat Chrysler Automobiles, Brampton Assembly Plant | C180: M | G180: =SUM(AC2:AC78)*0.8/18 -> 7376676.7 | H180: =SUM(AD2:AD78)*0.8/18 -> 7352967.5 | I180: =SUM(AE2:AE78)*0.8/18 -> 7656297.6 | J180: =SUM(AF2:AF78)*0.8/18 -> 7330817.8 | K180: =SUM(AG2:AG78)*0.8/18 -> 6989777.5 | L180: =SUM(AH2:AH78)*0.8/18 -> 7173195 | M180: =SUM(AI2:AI78)*0.8/18 -> 6919464.6 | N180: =SUM(AJ2:AJ78)*0.8/18 -> 7592003.6 | ... Z180: =SUM(AV2:AV78)*0.8/18 -> 6961000.6
A181: 179 | B181: Stellantis (Chrysler) Windsor | C181: M | G181: 7376676.7 | H181: 7352967.5 | I181: 7656297.6 | J181: 7330817.8 | K181: 6989777.5 | L181: 7173195 | M181: 6919464.6 | N181: 7592003.6 | O181: 7422361 | P181: 7318758.2 | Q181: 7334975.2 | R181: 6969189.8 | S181: 6851648.1 | T181: 6908924.1 | U181: 7284130.6 | V181: 7658655 | W181: 7232437.3 | X181: 6139432.4 | Y181: 6683787.2 | Z181: 6961000.6
A182: 180 | B182: Oakville Assembly Complex, Ford Motor Company of Canada, Limited | C182: M | G182: 7376676.7 | H182: 7352967.5 | I182: 7656297.6 | J182: 7330817.8 | K182: 6989777.5 | L182: 7173195 | M182: 6919464.6 | N182: 7592003.6 | O182: 7422361 | P182: 7318758.2 | Q182: 7334975.2 | R182: 6969189.8 | S182: 6851648.1 | T182: 6908924.1 | U182: 7284130.6 | V182: 7658655 | W182: 7232437.3 | X182: 6139432.4 | Y182: 6683787.2 | Z182: 6961000.6
A183: 181 | B183: St. Thomas Assembly Plant | C183: M | G183: 7376676.7 | H183: 7352967.5 | I183: 7656297.6 | J183: 7330817.8 | K183: 6989777.5 | L183: 7173195 | M183: 6919464.6 | N183: 7592003.6 | O183: 7422361 | P183: 7318758.2 | Q183: 7334975.2 | R183: 6969189.8 | S183: 6851648.1 | T183: 6908924.1 | U183: 7284130.6 | V183: 7658655 | W183: 7232437.3 | X183: 6139432.4 | Y183: 6683787.2 | Z183: 6961000.6
A184: 182 | B184: Ford Motor Co. Windsor Engine Plant | C184: M | G184: 7376676.7 | H184: 7352967.5 | I184: 7656297.6 | J184: 7330817.8 | K184: 6989777.5 | L184: 7173195 | M184: 6919464.6 | N184: 7592003.6 | O184: 7422361 | P184: 7318758.2 | Q184: 7334975.2 | R184: 6969189.8 | S184: 6851648.1 | T184: 6908924.1 | U184: 7284130.6 | V184: 7658655 | W184: 7232437.3 | X184: 6139432.4 | Y184: 6683787.2 | Z184: 6961000.6
A185: 183 | B185: Ford | C185: M | G185: 7376676.7 | H185: 7352967.5 | I185: 7656297.6 | J185: 7330817.8 | K185: 6989777.5 | L185: 7173195 | M185: 6919464.6 | N185: 7592003.6 | O185: 7422361 | P185: 7318758.2 | Q185: 7334975.2 | R185: 6969189.8 | S185: 6851648.1 | T185: 6908924.1 | U185: 7284130.6 | V185: 7658655 | W185: 7232437.3 | X185: 6139432.4 | Y185: 6683787.2 | Z185: 6961000.6
A186: 184 | B186: Oakville Assembly Complex, Ford Motor Company of Canada, Limited | C186: M | G186: 7376676.7 | H186: 7352967.5 | I186: 7656297.6 | J186: 7330817.8 | K186: 6989777.5 | L186: 7173195 | M186: 6919464.6 | N186: 7592003.6 | O186: 7422361 | P186: 7318758.2 | Q186: 7334975.2 | R186: 6969189.8 | S186: 6851648.1 | T186: 6908924.1 | U186: 7284130.6 | V186: 7658655 | W186: 7232437.3 | X186: 6139432.4 | Y186: 6683787.2 | Z186: 6961000.6
A187: 185 | B187: Ford Motor Co of Canada Ltd | C187: M | G187: 7376676.7 | H187: 7352967.5 | I187: 7656297.6 | J187: 7330817.8 | K187: 6989777.5 | L187: 7173195 | M187: 6919464.6 | N187: 7592003.6 | O187: 7422361 | P187: 7318758.2 | Q187: 7334975.2 | R187: 6969189.8 | S187: 6851648.1 | T187: 6908924.1 | U187: 7284130.6 | V187: 7658655 | W187: 7232437.3 | X187: 6139432.4 | Y187: 6683787.2 | Z187: 6961000.6
A188: 186 | B188: GM Oshawa Assembly | C188: M | G188: 7376676.7 | H188: 7352967.5 | I188: 7656297.6 | J188: 7330817.8 | K188: 6989777.5 | L188: 7173195 | M188: 6919464.6 | N188: 7592003.6 | O188: 7422361 | P188: 7318758.2 | Q188: 7334975.2 | R188: 6969189.8 | S188: 6851648.1 | T188: 6908924.1 | U188: 7284130.6 | V188: 7658655 | W188: 7232437.3 | X188: 6139432.4 | Y188: 6683787.2 | Z188: 6961000.6
A189: 187 | B189: General Motors of Canada Company | C189: M | G189: 7376676.7 | H189: 7352967.5 | I189: 7656297.6 | J189: 7330817.8 | K189: 6989777.5 | L189: 7173195 | M189: 6919464.6 | N189: 7592003.6 | O189: 7422361 | P189: 7318758.2 | Q189: 7334975.2 | R189: 6969189.8 | S189: 6851648.1 | T189: 6908924.1 | U189: 7284130.6 | V189: 7658655 | W189: 7232437.3 | X189: 6139432.4 | Y189: 6683787.2 | Z189: 6961000.6
A190: 188 | B190: GM CAMI Assembly | C190: M | G190: 7376676.7 | H190: 7352967.5 | I190: 7656297.6 | J190: 7330817.8 | K190: 6989777.5 | L190: 7173195 | M190: 6919464.6 | N190: 7592003.6 | O190: 7422361 | P190: 7318758.2 | Q190: 7334975.2 | R190: 6969189.8 | S190: 6851648.1 | T190: 6908924.1 | U190: 7284130.6 | V190: 7658655 | W190: 7232437.3 | X190: 6139432.4 | Y190: 6683787.2 | Z190: 6961000.6
A191: 189 | B191: Honda of Canada Mfg. | C191: M | G191: 7376676.7 | H191: 7352967.5 | I191: 7656297.6 | J191: 7330817.8 | K191: 6989777.5 | L191: 7173195 | M191: 6919464.6 | N191: 7592003.6 | O191: 7422361 | P191: 7318758.2 | Q191: 7334975.2 | R191: 6969189.8 | S191: 6851648.1 | T191: 6908924.1 | U191: 7284130.6 | V191: 7658655 | W191: 7232437.3 | X191: 6139432.4 | Y191: 6683787.2 | Z191: 6961000.6
A192: 190 | B192: Honda of Canada Manufacturing Gate B Rafid | C192: M | G192: 7376676.7 | H192: 7352967.5 | I192: 7656297.6 | J192: 7330817.8 | K192: 6989777.5 | L192: 7173195 | M192: 6919464.6 | N192: 7592003.6 | O192: 7422361 | P192: 7318758.2 | Q192: 7334975.2 | R192: 6969189.8 | S192: 6851648.1 | T192: 6908924.1 | U192: 7284130.6 | V192: 7658655 | W192: 7232437.3 | X192: 6139432.4 | Y192: 6683787.2 | Z192: 6961000.6
... A197: 195 | B197: Toyotetsu Canada Inc (TTCA) | C197: M | G197: 7376676.7 | H197: 7352967.5 | I197: 7656297.6 | J197: 7330817.8 | K197: 6989777.5 | L197: 7173195 | M197: 6919464.6 | N197: 7592003.6 | O197: 7422361 | P197: 7318758.2 | Q197: 7334975.2 | R197: 6969189.8 | S197: 6851648.1 | T197: 6908924.1 | U197: 7284130.6 | V197: 7658655 | W197: 7232437.3 | X197: 6139432.4 | Y197: 6683787.2 | Z197: 6961000.6
A198: 196 | B198: Toronto | C198: L
A199: 197 | B199: Ottawa | C199: L
A200: 198 | B200: Mississauga | C200: L
A201: 199 | B201: Brampton | C201: L
A202: 200 | B202: Hamilton | C202: L
A203: 201 | B203: London | C203: L
A204: 202 | B204: Markham | C204: L
A205: 203 | B205: Vaughan | C205: L
A206: 204 | B206: Kitchener | C206: L
A207: 205 | B207: Windsor | C207: L
A208: 206 | B208: Oakville | C208: L
A209: 207 | B209: Richmond Hill | C209: L
... A298: 296 | B298: Penetanguishene | C298: L

Sheet Node_stochastic_30
A1: nodeNum | B1: City | C1: type | D1: f_i | E1: capacity | F1: o_i | G1: d_1 | H1: d_2 | I1: d_3 | J1: d_4 | K1: d_5 | L1: d_6 | M1: d_7 | N1: d_8 | O1: d_9 | P1: d_10 | Q1: d_11 | R1: d_12 | S1: d_13 | T1: d_14 | U1: d_15 | V1: d_16 | W1: d_17 | X1: d_18 | Y1: d_19 | Z1: d_20 | AA1: si | AB1: si_num | AC1: s_1 | AD1: s_2 | AE1: s_3 | AF1: s_4 | AG1: s_5 | AH1: s_6 | AI1: s_7 | AJ1: s_8 | AK1: s_9 | AL1: s_10 | AM1: s_11 | AN1: s_12 | AO1: s_13 | AP1: s_14 | AQ1: s_15 | AR1: s_16 | AS1: s_17 | AT1: s_18 | AU1: s_19 | AV1: s_20 | AW1: s_21 | AX1: s_22
A2: 0 | B2: Acton | C2: C | AA2: 52750 | AB2: =AA2*25 -> 1318750 | AC2: 1423961.7 | AD2: 837044.74 | AE2: 976922.49 | AF2: 1123718 | AG2: 1758022.2 | AH2: 1136282.6 | AI2: 612315.9 | AJ2: 1368383.9 | AK2: 1133658.5 | AL2: 1235991.4 | AM2: 938410.41 | AN2: 1363904.2 | AO2: 1063221.9 | AP2: 1193125.5 | AQ2: 1183987.9 | AR2: 1266791.1 | AS2: 996550.43 | AT2: 1309276.3 | AU2: 925502.69 | AV2: 1156688.3 | AW2: 811006.19 | AX2: 1238136.1
A3: 1 | B3: Arnprior | C3: C | AA3: 29860 | AB3: =AA3*25 -> 746500 | AC3: 1051496.4 | AD3: 588500.25 | AE3: 508793.01 | AF3: 741754.21 | AG3: 1189702.6 | AH3: 856269.3 | AI3: 572402.81 | AJ3: 572854.67 | AK3: 682369.68 | AL3: 418685.54 | AM3: 601110.81 | AN3: 626890.75 | AO3: 877924.62 | AP3: 651953.26 | AQ3: 773931.71 | AR3: 839701.49 | AS3: 945952.67 | AT3: 332984.02 | AU3: 609744.88 | AV3: 834957.37 | AW3: 440510.24 | AX3: 736868.01
A4: 2 | B4: Arthur | C4: C | AA4: 44602 | AB4: =AA4*25 -> 1115050 | AC4: 1512907.5 | AD4: 620208.34 | AE4: 1130228.7 | AF4: 1431588.4 | AG4: 592008 | AH4: 693483.04 | AI4: 874417.88 | AJ4: 589068.65 | AK4: 642463.1 | AL4: 1466744.8 | AM4: 881557.12 | AN4: 859393.37 | AO4: 853996.17 | AP4: 1476722.8 | AQ4: 1637203.7 | AR4: 683769.38 | AS4: 996922.62 | AT4: 841971.51 | AU4: 721171.08 | AV4: 1168491.4 | AW4: 1034978.5 | AX4: 1296402.8
A5: 3 | B5: Aurora | C5: C | AA5: 110396 | AB5: =AA5*25 -> 2759900 | AC5: 3331796.4 | AD5: 1491457.3 | AE5: 2697876.3 | AF5: 3700345.9 | AG5: 2317187.9 | AH5: 3529002.7 | AI5: 2942364.3 | AJ5: 596557.5 | AK5: 3170955 | AL5: 3114796 | AM5: 2779568.4 | AN5: 1331762.9 | AO5: 1751940.2 | AP5: 3513214.6 | AQ5: 2529462.7 | AR5: 3141884.2 | AS5: 837618.45 | AT5: 2719148.1 | AU5: 2623147.8 | AV5: 4585604.4 | AW5: 3448792.5 | AX5: 2087053.9
A6: 4 | B6: Beaverton | C6: C | AA6: 77661 | AB6: =AA6*25 -> 1941525 | AC6: 2727286.9 | AD6: 1484058.8 | AE6: 2111040.6 | AF6: 1998465.6 | AG6: 2428673.1 | AH6: 1491095.1 | AI6: 1888123.6 | AJ6: 1614749.8 | AK6: 1713184.1 | AL6: 1998193.8 | AM6: 2121631.4 | AN6: 1913171.3 | AO6: 2340259.7 | AP6: 1911857.2 | AQ6: 1310146 | AR6: 3012098.4 | AS6: 1688919.5 | AT6: 2445238.2 | AU6: 1048717.9 | AV6: 2671527.8 | AW6: 1910905.5 | AX6: 2725857.3
A7: 5 | B7: Bowmanville | C7: C | AA7: 77661 | AB7: =AA7*25 -> 1941525 | AC7: 1507132.1 | AD7: 1440514 | AE7: 2188885.7 | AF7: 2156295.3 | AG7: 791928.98 | AH7: 1949585.3 | AI7: 2288676.5 | AJ7: 635185.67 | AK7: 2719282.6 | AL7: 1945922.9 | AM7: 1633049.5 | AN7: 2318410.3 | AO7: 1176802 | AP7: 2658160.1 | AQ7: 1297029.9 | AR7: 2019697.6 | AS7: 1648131.4 | AT7: 2627879.8 | AU7: 850172.88 | AV7: 2018085.2 | AW7: 1681888 | AX7: 2938133.6
A8: 6 | B8: Bradford | C8: C | AA8: 103343 | AB8: =AA8*25 -> 2583575 | AC8: 2336106.4 | AD8: 2337379.6 | AE8: 2873934.5 | AF8: 2608145.5 | AG8: 774029.47 | AH8: 3188674.4 | AI8: 2900297.6 | AJ8: 724045 | AK8: 2037133.8 | AL8: 1924166.6 | AM8: 1168947.7 | AN8: 2832291.3 | AO8: 3281993.4 | AP8: 3133807.5 | AQ8: 2471401.5 | AR8: 2090832.4 | AS8: 2424038.4 | AT8: 1504518.7 | AU8: 3101501 | AV8: 1608037.4 | AW8: 2754524.8 | AX8: 2430385.7
A9: 7 | B9: Brampton | C9: C | AA9: 371033 | AB9: =AA9*25 -> 9275825 | AC9: 13368141 | AD9: 10877195 | AE9: 9667382.4 | AF9: 8661457.1 | AG9: 10596013 | AH9: 12436133 | AI9: 8660224.5 | AJ9: 10651631 | AK9: 11247063 | AL9: 2844850.1 | AM9: 11443055 | AN9: 8249381.9 | AO9: 16873486 | AP9: 10881696 | AQ9: 10911707 | AR9: 8529929.6 | AS9: 6686161.4 | AT9: 5951791.4 | AU9: 11839185 | AV9: 7672587.4 | AW9: 13884644 | AX9: 10777370
A10: 8 | B10: Brantford | C10: C | AA10: 83809 | AB10: =AA10*25 -> 2095225 | AC10: 2497385.8 | AD10: 1908824.4 | AE10: 1955029.9 | AF10: 2151884.4 | AG10: 2183996.9 | AH10: 920824.69 | AI10: 2985790.8 | AJ10: 2472831.2 | AK10: 923302.05 | AL10: 2096879.6 | AM10: 2447387.7 | AN10: 2474205.6 | AO10: 2102737 | AP10: 2048395.5 | AQ10: 2329429.6 | AR10: 1109331.5 | AS10: 1916610.9 | AT10: 1801124.2 | AU10: 1905359.1 | AV10: 2454648.7 | AW10: 1011123.4 | AX10: 2719266.5
A11: 9 | B11: Caistor Centre | C11: C | AA11: 4704 | AB11: =AA11*25 -> 117600 | AC11: 140520.21 | AD11: 148877.73 | AE11: 168227.24 | AF11: 135616.32 | AG11: 139874.21 | AH11: 198315.21 | AI11: 75006.21 | AJ11: 125297.67 | AK11: 166880.44 | AL11: 161378.82 | AM11: 127372.8 | AN11: 88822.268 | AO11: 142173.91 | AP11: 158294.37 | AQ11: 174462.84 | AR11: 240224.26 | AS11: 204235.26 | AT11: 131233.12 | AU11: 143668.52 | AV11: 115735.63 | AW11: 204214.61 | AX11: 125890.14
A12: 10 | B12: Caledon | C12: C | AA12: 371033 | AB12: =AA12*25 -> 9275825 | AC12: 9956229.8 | AD12: 12958530 | AE12: 7877130.2 | AF12: 3986536.5 | AG12: 9224920.3 | AH12: 8450336.1 | AI12: 5664818.3 | AJ12: 10031691 | AK12: 7483165.7 | AL12: 2604842.7 | AM12: 10902563 | AN12: 10077983 | AO12: 11282347 | AP12: 10796425 | AQ12: 7851676.7 | AR12: 8820575.9 | AS12: 3392746.7 | AT12: 14808824 | AU12: 8256734.1 | AV12: 12605150 | AW12: 9434542 | AX12: 7002258.1
A13: 11 | B13: Cambridge | C13: C | AA13: 107823 | AB13: =AA13*25 -> 2695575 | AC13: 2235907.7 | AD13: 3118574.6 | AE13: 1530563.8 | AF13: 3308288.9 | AG13: 2090917.1 | AH13: 2140352.8 | AI13: 2246624.5 | AJ13: 659316.44 | AK13: 3390790.7 | AL13: 3281973.7 | AM13: 3597915 | AN13: 4148248.3 | AO13: 3691434 | AP13: 1246119.6 | AQ13: 1899998.7 | AR13: 3308684.6 | AS13: 2776043.9 | AT13: 2690891.2 | AU13: 1578863.4 | AV13: 2864266.4 | AW13: 3060949.3 | AX13: 3891303.8
... A78: 76 | B78: Windsor | C78: C | AA78: 56665 | AB78: =AA78*25 -> 1416625 | AC78: 1426956.9 | AD78: 1897369.4 | AE78: 1695022.8 | AF78: 1671068 | AG78: 1509330.6 | AH78: 818672.36 | AI78: 1702246.6 | AJ78: 1851820.1 | AK78: 1338580.2 | AL78: 1191092.8 | AM78: 1227110.7 | AN78: 1081198.5 | AO78: 1036054.8 | AP78: 1338249.1 | AQ78: 1888283.6 | AR78: 1224294.4 | AS78: 824331.3 | AT78: 832971.12 | AU78: 1211888.8 | AV78: 1161812.4 | AW78: 1590106 | AX78: 1590135.1
A79: 77 | B79: Toronto | C79: R | D79: 2018592.8 | E79: 6000000000 | F79: 0.02
A80: 78 | B80: Ottawa | C80: R | D80: 2012544.2 | E80: 6000000000 | F80: 0.02
A81: 79 | B81: Mississauga | C81: R | D81: 2035869.4 | E81: 6000000000 | F81: 0.02
A82: 80 | B82: Brampton | C82: R | D82: 2035869.4 | E82: 6000000000 | F82: 0.02
A83: 81 | B83: Hamilton | C83: R | D83: 2035755.2 | E83: 6000000000 | F83: 0.02
A84: 82 | B84: London | C84: R | D84: 2019654.7 | E84: 6000000000 | F84: 0.02
A85: 83 | B85: Markham | C85: R | D85: 2035755.2 | E85: 6000000000 | F85: 0.02
A86: 84 | B86: Vaughan | C86: R | D86: 2016415 | E86: 6000000000 | F86: 0.02
A87: 85 | B87: Kitchener | C87: R | D87: 2025276.7 | E87: 6000000000 | F87: 0.02
A88: 86 | B88: Windsor | C88: R | D88: 2021880.1 | E88: 6000000000 | F88: 0.02
A89: 87 | B89: Oakville | C89: R | D89: 2054614.9 | E89: 6000000000 | F89: 0.02
A90: 88 | B90: Richmond Hill | C90: R | D90: 2035755.2 | E90: 6000000000 | F90: 0.02
... A179: 177 | B179: Penetanguishene | C179: R | D179: 2016415 | E179: 6000000000 | F179: 0.02
A180: 178 | B180: Fiat Chrysler Automobiles, Brampton Assembly Plant | C180: M | G180: =SUM(AC2:AC78)*0.8/18 -> 7666974.2 | H180: =SUM(AD2:AD78)*0.8/18 -> 6982670.2 | I180: =SUM(AE2:AE78)*0.8/18 -> 6640095.9 | J180: =SUM(AF2:AF78)*0.8/18 -> 6194497.9 | K180: =SUM(AG2:AG78)*0.8/18 -> 6609785.9 | L180: =SUM(AH2:AH78)*0.8/18 -> 7396983.9 | M180: =SUM(AI2:AI78)*0.8/18 -> 7378626.3 | N180: =SUM(AJ2:AJ78)*0.8/18 -> 8066369.5 | ... Z180: =SUM(AV2:AV78)*0.8/18 -> 7044135.1
A181: 179 | B181: Stellantis (Chrysler) Windsor | C181: M | G181: 7666974.2 | H181: 6982670.2 | I181: 6640095.9 | J181: 6194497.9 | K181: 6609785.9 | L181: 7396983.9 | M181: 7378626.3 | N181: 8066369.5 | O181: 7376221.8 | P181: 6786824.3 | Q181: 7521165 | R181: 7502118.1 | S181: 7172332.7 | T181: 7109735.9 | U181: 7144174.6 | V181: 6485981.8 | W181: 6920206.7 | X181: 7612664.3 | Y181: 7332747.7 | Z181: 7044135.1
A182: 180 | B182: Oakville Assembly Complex, Ford Motor Company of Canada, Limited | C182: M | G182: 7666974.2 | H182: 6982670.2 | I182: 6640095.9 | J182: 6194497.9 | K182: 6609785.9 | L182: 7396983.9 | M182: 7378626.3 | N182: 8066369.5 | O182: 7376221.8 | P182: 6786824.3 | Q182: 7521165 | R182: 7502118.1 | S182: 7172332.7 | T182: 7109735.9 | U182: 7144174.6 | V182: 6485981.8 | W182: 6920206.7 | X182: 7612664.3 | Y182: 7332747.7 | Z182: 7044135.1
A183: 181 | B183: St. Thomas Assembly Plant | C183: M | G183: 7666974.2 | H183: 6982670.2 | I183: 6640095.9 | J183: 6194497.9 | K183: 6609785.9 | L183: 7396983.9 | M183: 7378626.3 | N183: 8066369.5 | O183: 7376221.8 | P183: 6786824.3 | Q183: 7521165 | R183: 7502118.1 | S183: 7172332.7 | T183: 7109735.9 | U183: 7144174.6 | V183: 6485981.8 | W183: 6920206.7 | X183: 7612664.3 | Y183: 7332747.7 | Z183: 7044135.1
A184: 182 | B184: Ford Motor Co. Windsor Engine Plant | C184: M | G184: 7666974.2 | H184: 6982670.2 | I184: 6640095.9 | J184: 6194497.9 | K184: 6609785.9 | L184: 7396983.9 | M184: 7378626.3 | N184: 8066369.5 | O184: 7376221.8 | P184: 6786824.3 | Q184: 7521165 | R184: 7502118.1 | S184: 7172332.7 | T184: 7109735.9 | U184: 7144174.6 | V184: 6485981.8 | W184: 6920206.7 | X184: 7612664.3 | Y184: 7332747.7 | Z184: 7044135.1
A185: 183 | B185: Ford | C185: M | G185: 7666974.2 | H185: 6982670.2 | I185: 6640095.9 | J185: 6194497.9 | K185: 6609785.9 | L185: 7396983.9 | M185: 7378626.3 | N185: 8066369.5 | O185: 7376221.8 | P185: 6786824.3 | Q185: 7521165 | R185: 7502118.1 | S185: 7172332.7 | T185: 7109735.9 | U185: 7144174.6 | V185: 6485981.8 | W185: 6920206.7 | X185: 7612664.3 | Y185: 7332747.7 | Z185: 7044135.1
A186: 184 | B186: Oakville Assembly Complex, Ford Motor Company of Canada, Limited | C186: M | G186: 7666974.2 | H186: 6982670.2 | I186: 6640095.9 | J186: 6194497.9 | K186: 6609785.9 | L186: 7396983.9 | M186: 7378626.3 | N186: 8066369.5 | O186: 7376221.8 | P186: 6786824.3 | Q186: 7521165 | R186: 7502118.1 | S186: 7172332.7 | T186: 7109735.9 | U186: 7144174.6 | V186: 6485981.8 | W186: 6920206.7 | X186: 7612664.3 | Y186: 7332747.7 | Z186: 7044135.1
A187: 185 | B187: Ford Motor Co of Canada Ltd | C187: M | G187: 7666974.2 | H187: 6982670.2 | I187: 6640095.9 | J187: 6194497.9 | K187: 6609785.9 | L187: 7396983.9 | M187: 7378626.3 | N187: 8066369.5 | O187: 7376221.8 | P187: 6786824.3 | Q187: 7521165 | R187: 7502118.1 | S187: 7172332.7 | T187: 7109735.9 | U187: 7144174.6 | V187: 6485981.8 | W187: 6920206.7 | X187: 7612664.3 | Y187: 7332747.7 | Z187: 7044135.1
A188: 186 | B188: GM Oshawa Assembly | C188: M | G188: 7666974.2 | H188: 6982670.2 | I188: 6640095.9 | J188: 6194497.9 | K188: 6609785.9 | L188: 7396983.9 | M188: 7378626.3 | N188: 8066369.5 | O188: 7376221.8 | P188: 6786824.3 | Q188: 7521165 | R188: 7502118.1 | S188: 7172332.7 | T188: 7109735.9 | U188: 7144174.6 | V188: 6485981.8 | W188: 6920206.7 | X188: 7612664.3 | Y188: 7332747.7 | Z188: 7044135.1
A189: 187 | B189: General Motors of Canada Company | C189: M | G189: 7666974.2 | H189: 6982670.2 | I189: 6640095.9 | J189: 6194497.9 | K189: 6609785.9 | L189: 7396983.9 | M189: 7378626.3 | N189: 8066369.5 | O189: 7376221.8 | P189: 6786824.3 | Q189: 7521165 | R189: 7502118.1 | S189: 7172332.7 | T189: 7109735.9 | U189: 7144174.6 | V189: 6485981.8 | W189: 6920206.7 | X189: 7612664.3 | Y189: 7332747.7 | Z189: 7044135.1
A190: 188 | B190: GM CAMI Assembly | C190: M | G190: 7666974.2 | H190: 6982670.2 | I190: 6640095.9 | J190: 6194497.9 | K190: 6609785.9 | L190: 7396983.9 | M190: 7378626.3 | N190: 8066369.5 | O190: 7376221.8 | P190: 6786824.3 | Q190: 7521165 | R190: 7502118.1 | S190: 7172332.7 | T190: 7109735.9 | U190: 7144174.6 | V190: 6485981.8 | W190: 6920206.7 | X190: 7612664.3 | Y190: 7332747.7 | Z190: 7044135.1
A191: 189 | B191: Honda of Canada Mfg. | C191: M | G191: 7666974.2 | H191: 6982670.2 | I191: 6640095.9 | J191: 6194497.9 | K191: 6609785.9 | L191: 7396983.9 | M191: 7378626.3 | N191: 8066369.5 | O191: 7376221.8 | P191: 6786824.3 | Q191: 7521165 | R191: 7502118.1 | S191: 7172332.7 | T191: 7109735.9 | U191: 7144174.6 | V191: 6485981.8 | W191: 6920206.7 | X191: 7612664.3 | Y191: 7332747.7 | Z191: 7044135.1
A192: 190 | B192: Honda of Canada Manufacturing Gate B Rafid | C192: M | G192: 7666974.2 | H192: 6982670.2 | I192: 6640095.9 | J192: 6194497.9 | K192: 6609785.9 | L192: 7396983.9 | M192: 7378626.3 | N192: 8066369.5 | O192: 7376221.8 | P192: 6786824.3 | Q192: 7521165 | R192: 7502118.1 | S192: 7172332.7 | T192: 7109735.9 | U192: 7144174.6 | V192: 6485981.8 | W192: 6920206.7 | X192: 7612664.3 | Y192: 7332747.7 | Z192: 7044135.1
... A197: 195 | B197: Toyotetsu Canada Inc (TTCA) | C197: M | G197: 7666974.2 | H197: 6982670.2 | I197: 6640095.9 | J197: 6194497.9 | K197: 6609785.9 | L197: 7396983.9 | M197: 7378626.3 | N197: 8066369.5 | O197: 7376221.8 | P197: 6786824.3 | Q197: 7521165 | R197: 7502118.1 | S197: 7172332.7 | T197: 7109735.9 | U197: 7144174.6 | V197: 6485981.8 | W197: 6920206.7 | X197: 7612664.3 | Y197: 7332747.7 | Z197: 7044135.1
A198: 196 | B198: Toronto | C198: L
A199: 197 | B199: Ottawa | C199: L
A200: 198 | B200: Mississauga | C200: L
A201: 199 | B201: Brampton | C201: L
A202: 200 | B202: Hamilton | C202: L
A203: 201 | B203: London | C203: L
A204: 202 | B204: Markham | C204: L
A205: 203 | B205: Vaughan | C205: L
A206: 204 | B206: Kitchener | C206: L
A207: 205 | B207: Windsor | C207: L
A208: 206 | B208: Oakville | C208: L
A209: 207 | B209: Richmond Hill | C209: L
... A298: 296 | B298: Penetanguishene | C298: L

Sheet Node_stochastic_40
A1: nodeNum | B1: City | C1: type | D1: f_i | E1: capacity | F1: o_i | G1: d_1 | H1: d_2 | I1: d_3 | J1: d_4 | K1: d_5 | L1: d_6 | M1: d_7 | N1: d_8 | O1: d_9 | P1: d_10 | Q1: d_11 | R1: d_12 | S1: d_13 | T1: d_14 | U1: d_15 | V1: d_16 | W1: d_17 | X1: d_18 | Y1: d_19 | Z1: d_20 | AA1: si | AB1: si_num | AC1: s_1 | AD1: s_2 | AE1: s_3 | AF1: s_4 | AG1: s_5 | AH1: s_6 | AI1: s_7 | AJ1: s_8 | AK1: s_9 | AL1: s_10 | AM1: s_11 | AN1: s_12 | AO1: s_13 | AP1: s_14 | AQ1: s_15 | AR1: s_16 | AS1: s_17 | AT1: s_18 | AU1: s_19 | AV1: s_20
A2: 0 | B2: Acton | C2: C | AA2: 52750 | AB2: =AA2*25 -> 1318750 | AC2: 32589.185 | AD2: 1374516 | AE2: 1493355.3 | AF2: 379522.5 | AG2: 1472881.1 | AH2: 2046174.2 | AI2: 1334067.7 | AJ2: 1391933.5 | AK2: 872714.07 | AL2: 1325737.3 | AM2: 1516664.1 | AN2: 2248980.1 | AO2: 1106971 | AP2: 1595073.6 | AQ2: 2018780.3 | AR2: 1514245.6 | AS2: 2024342.4 | AT2: 1746040.6 | AU2: 749017.55 | AV2: 1402575.2
A3: 1 | B3: Arnprior | C3: C | AA3: 29860 | AB3: =AA3*25 -> 746500 | AC3: 1016422.2 | AD3: 713232.74 | AE3: 622585.65 | AF3: 808298.94 | AG3: 669775.18 | AH3: 383659.08 | AI3: 649750.04 | AJ3: 1159797.3 | AK3: 473647.46 | AL3: 1249529.4 | AM3: 496890.37 | AN3: 678932.47 | AO3: 484658.17 | AP3: 8758.5321 | AQ3: 784126.74 | AR3: 911263.56 | AS3: 716118.05 | AT3: 449189.88 | AU3: 592690.51 | AV3: 678086.64
A4: 2 | B4: Arthur | C4: C | AA4: 44602 | AB4: =AA4*25 -> 1115050 | AC4: 1512057.9 | AD4: 1839539.8 | AE4: 769139.8 | AF4: 131847.87 | AG4: 2088594.1 | AH4: 690701.67 | AI4: 845387.83 | AJ4: 1083161.1 | AK4: 1182755.9 | AL4: 296575.92 | AM4: 1004112.6 | AN4: 1206822.4 | AO4: 543010.05 | AP4: 1362514.2 | AQ4: 595447.17 | AR4: 639985.38 | AS4: 1134597.6 | AT4: 1285459.4 | AU4: 377232.81 | AV4: 1382866.3
A5: 3 | B5: Aurora | C5: C | AA5: 110396 | AB5: =AA5*25 -> 2759900 | AC5: 4438080 | AD5: 3346340.1 | AE5: 2215726.1 | AF5: 2207991.4 | AG5: 3249324.3 | AH5: 3499138.5 | AI5: 3995807.6 | AJ5: 3769882.4 | AK5: 1542418.9 | AL5: 2068185.3 | AM5: 2586158 | AN5: 2635734.4 | AO5: 1206859.7 | AP5: 0 | AQ5: 2719598.3 | AR5: 2484171.9 | AS5: 1057517.1 | AT5: 2055686.1 | AU5: 492632.23 | AV5: 2010795.5
A6: 4 | B6: Beaverton | C6: C | AA6: 77661 | AB6: =AA6*25 -> 1941525 | AC6: 1305821.8 | AD6: 468645.4 | AE6: 2132638.4 | AF6: 1861200.9 | AG6: 2037306.6 | AH6: 1323588.6 | AI6: 2049156.2 | AJ6: 689344.66 | AK6: 1234595.4 | AL6: 1561441.7 | AM6: 2206704.7 | AN6: 597251.47 | AO6: 2153146.1 | AP6: 1398294.1 | AQ6: 1837185.7 | AR6: 1988749.5 | AS6: 1590644.6 | AT6: 1708655.9 | AU6: 2588499.7 | AV6: 1850311
A7: 5 | B7: Bowmanville | C7: C | AA7: 77661 | AB7: =AA7*25 -> 1941525 | AC7: 1287852.8 | AD7: 2821996.6 | AE7: 1003621.5 | AF7: 2951553.6 | AG7: 2013129.8 | AH7: 1259886.7 | AI7: 2243465.9 | AJ7: 1644100 | AK7: 1388708.3 | AL7: 1368488.5 | AM7: 1591657 | AN7: 2083518.9 | AO7: 540375.24 | AP7: 3296981.5 | AQ7: 3236856.7 | AR7: 3476451.5 | AS7: 895275.24 | AT7: 1490791.4 | AU7: 2096573.4 | AV7: 0
A8: 6 | B8: Bradford | C8: C | AA8: 103343 | AB8: =AA8*25 -> 2583575 | AC8: 1630896.1 | AD8: 3108805.7 | AE8: 1643452.4 | AF8: 1173201.3 | AG8: 907928.43 | AH8: 3429360.6 | AI8: 2534194.9 | AJ8: 1368922.2 | AK8: 2364807.8 | AL8: 2340586.9 | AM8: 2668725.9 | AN8: 3848991.2 | AO8: 2516919 | AP8: 2389470.2 | AQ8: 5330685.2 | AR8: 1431297.4 | AS8: 2784743.8 | AT8: 1461336.4 | AU8: 2139043.1 | AV8: 3772252.5
A9: 7 | B9: Brampton | C9: C | AA9: 371033 | AB9: =AA9*25 -> 9275825 | AC9: 9060466.3 | AD9: 10867035 | AE9: 2081267.8 | AF9: 4550730.1 | AG9: 14589935 | AH9: 12763535 | AI9: 10386660 | AJ9: 13068518 | AK9: 16294634 | AL9: 13671574 | AM9: 11351611 | AN9: 7158886.2 | AO9: 10511763 | AP9: 11578977 | AQ9: 3475790 | AR9: 7091780.5 | AS9: 8458205.6 | AT9: 8652092.6 | AU9: 9739994.4 | AV9: 8699708.4
A10: 8 | B10: Brantford | C10: C | AA10: 83809 | AB10: =AA10*25 -> 2095225 | AC10: 1856473.9 | AD10: 2140396.3 | AE10: 2169642.5 | AF10: 3004982.9 | AG10: 2664642.8 | AH10: 2680296.4 | AI10: 925018.2 | AJ10: 2191045.3 | AK10: 3490476.7 | AL10: 953096.65 | AM10: 2333726.8 | AN10: 1795723 | AO10: 683085.61 | AP10: 1723438.8 | AQ10: 1783646.6 | AR10: 1222668.1 | AS10: 1167576.7 | AT10: 3529457.5 | AU10: 1458465.5 | AV10: 1649057.1
A11: 9 | B11: Caistor Centre | C11: C | AA11: 4704 | AB11: =AA11*25 -> 117600 | AC11: 77280.342 | AD11: 136398.11 | AE11: 50180.232 | AF11: 96056.449 | AG11: 92603.942 | AH11: 120115.65 | AI11: 74758.387 | AJ11: 195982.76 | AK11: 77683.815 | AL11: 188326.3 | AM11: 140040.92 | AN11: 193385.41 | AO11: 110997.63 | AP11: 119350.38 | AQ11: 106156.35 | AR11: 211005.81 | AS11: 118153.63 | AT11: 178313.22 | AU11: 77401.82 | AV11: 158481.92
A12: 10 | B12: Caledon | C12: C | AA12: 371033 | AB12: =AA12*25 -> 9275825 | AC12: 6792598.1 | AD12: 8271083 | AE12: 7942485.6 | AF12: 6942485.2 | AG12: 14616009 | AH12: 9517214.5 | AI12: 9924255.2 | AJ12: 13540421 | AK12: 6428640.4 | AL12: 4861919 | AM12: 2721759.1 | AN12: 12916029 | AO12: 12840714 | AP12: 9328115.9 | AQ12: 2656556.7 | AR12: 5495087.1 | AS12: 5073803.1 | AT12: 6345258.2 | AU12: 10345685 | AV12: 9645910.7
A13: 11 | B13: Cambridge | C13: C | AA13: 107823 | AB13: =AA13*25 -> 2695575 | AC13: 2064138.1 | AD13: 2273926.3 | AE13: 2632666.5 | AF13: 3792088.1 | AG13: 2892882.1 | AH13: 1843449.6 | AI13: 1867611 | AJ13: 1736813.8 | AK13: 1199150.4 | AL13: 1604268.2 | AM13: 2548904.9 | AN13: 3842003 | AO13: 1758149.8 | AP13: 3646526.1 | AQ13: 1444966.6 | AR13: 3299457.2 | AS13: 1394078.9 | AT13: 1854542.4 | AU13: 1832009.1 | AV13: 1384280.8
... A78: 76 | B78: Windsor | C78: C | AA78: 56665 | AB78: =AA78*25 -> 1416625 | AC78: 1172403.7 | AD78: 2311809.6 | AE78: 1900181.2 | AF78: 938153.24 | AG78: 1556248.6 | AH78: 735235.37 | AI78: 1553873.7 | AJ78: 1634444 | AK78: 691324.79 | AL78: 1616934.3 | AM78: 2055657.3 | AN78: 1103715.8 | AO78: 1293357 | AP78: 1784984.4 | AQ78: 868355.23 | AR78: 1887736.8 | AS78: 1830114.9 | AT78: 1276599.3 | AU78: 2044748.6 | AV78: 1403823.1
A79: 77 | B79: Toronto | C79: R | D79: 2018592.8 | E79: 6000000000 | F79: 0.02
A80: 78 | B80: Ottawa | C80: R | D80: 2012544.2 | E80: 6000000000 | F80: 0.02
A81: 79 | B81: Mississauga | C81: R | D81: 2035869.4 | E81: 6000000000 | F81: 0.02
A82: 80 | B82: Brampton | C82: R | D82: 2035869.4 | E82: 6000000000 | F82: 0.02
A83: 81 | B83: Hamilton | C83: R | D83: 2035755.2 | E83: 6000000000 | F83: 0.02
A84: 82 | B84: London | C84: R | D84: 2019654.7 | E84: 6000000000 | F84: 0.02
A85: 83 | B85: Markham | C85: R | D85: 2035755.2 | E85: 6000000000 | F85: 0.02
A86: 84 | B86: Vaughan | C86: R | D86: 2016415 | E86: 6000000000 | F86: 0.02
A87: 85 | B87: Kitchener | C87: R | D87: 2025276.7 | E87: 6000000000 | F87: 0.02
A88: 86 | B88: Windsor | C88: R | D88: 2021880.1 | E88: 6000000000 | F88: 0.02
A89: 87 | B89: Oakville | C89: R | D89: 2054614.9 | E89: 6000000000 | F89: 0.02
A90: 88 | B90: Richmond Hill | C90: R | D90: 2035755.2 | E90: 6000000000 | F90: 0.02
... A179: 177 | B179: Penetanguishene | C179: R | D179: 2016415 | E179: 6000000000 | F179: 0.02
A180: 178 | B180: Fiat Chrysler Automobiles, Brampton Assembly Plant | C180: M | G180: =SUM(AC2:AC78)*0.8/18 -> 7907664.4 | H180: =SUM(AD2:AD78)*0.8/18 -> 6812667.8 | I180: =SUM(AE2:AE78)*0.8/18 -> 6597757.6 | J180: =SUM(AF2:AF78)*0.8/18 -> 6275788.9 | K180: =SUM(AG2:AG78)*0.8/18 -> 8238351.2 | L180: =SUM(AH2:AH78)*0.8/18 -> 6357718.7 | M180: =SUM(AI2:AI78)*0.8/18 -> 6151698.5 | N180: =SUM(AJ2:AJ78)*0.8/18 -> 8129620.4 | ... Z180: =SUM(AV2:AV78)*0.8/18 -> 5988782.7
A181: 179 | B181: Stellantis (Chrysler) Windsor | C181: M | G181: 7906471.3 | H181: 6791130.9 | I181: 6597757.6 | J181: 6275788.9 | K181: 8238351.2 | L181: 6357718.7 | M181: 6151698.5 | N181: 8129620.4 | O181: 7566761.7 | P181: 7441670.5 | Q181: 6836345.7 | R181: 7707299.3 | S181: 6456457.8 | T181: 8355111.2 | U181: 7078791.1 | V181: 6389460 | W181: 7581924.2 | X181: 7142806.3 | Y181: 6325992 | Z181: 5980730.8
A182: 180 | B182: Oakville Assembly Complex, Ford Motor Company of Canada, Limited | C182: M | G182: 7906471.3 | H182: 6791130.9 | I182: 6597757.6 | J182: 6275788.9 | K182: 8238351.2 | L182: 6357718.7 | M182: 6151698.5 | N182: 8129620.4 | O182: 7566761.7 | P182: 7441670.5 | Q182: 6836345.7 | R182: 7707299.3 | S182: 6456457.8 | T182: 8355111.2 | U182: 7078791.1 | V182: 6389460 | W182: 7581924.2 | X182: 7142806.3 | Y182: 6325992 | Z182: 5980730.8
A183: 181 | B183: St. Thomas Assembly Plant | C183: M | G183: 7906471.3 | H183: 6791130.9 | I183: 6597757.6 | J183: 6275788.9 | K183: 8238351.2 | L183: 6357718.7 | M183: 6151698.5 | N183: 8129620.4 | O183: 7566761.7 | P183: 7441670.5 | Q183: 6836345.7 | R183: 7707299.3 | S183: 6456457.8 | T183: 8355111.2 | U183: 7078791.1 | V183: 6389460 | W183: 7581924.2 | X183: 7142806.3 | Y183: 6325992 | Z183: 5980730.8
A184: 182 | B184: Ford Motor Co. Windsor Engine Plant | C184: M | G184: 7906471.3 | H184: 6791130.9 | I184: 6597757.6 | J184: 6275788.9 | K184: 8238351.2 | L184: 6357718.7 | M184: 6151698.5 | N184: 8129620.4 | O184: 7566761.7 | P184: 7441670.5 | Q184: 6836345.7 | R184: 7707299.3 | S184: 6456457.8 | T184: 8355111.2 | U184: 7078791.1 | V184: 6389460 | W184: 7581924.2 | X184: 7142806.3 | Y184: 6325992 | Z184: 5980730.8
A185: 183 | B185: Ford | C185: M | G185: 7906471.3 | H185: 6791130.9 | I185: 6597757.6 | J185: 6275788.9 | K185: 8238351.2 | L185: 6357718.7 | M185: 6151698.5 | N185: 8129620.4 | O185: 7566761.7 | P185: 7441670.5 | Q185: 6836345.7 | R185: 7707299.3 | S185: 6456457.8 | T185: 8355111.2 | U185: 7078791.1 | V185: 6389460 | W185: 7581924.2 | X185: 7142806.3 | Y185: 6325992 | Z185: 5980730.8
A186: 184 | B186: Oakville Assembly Complex, Ford Motor Company of Canada, Limited | C186: M | G186: 7906471.3 | H186: 6791130.9 | I186: 6597757.6 | J186: 6275788.9 | K186: 8238351.2 | L186: 6357718.7 | M186: 6151698.5 | N186: 8129620.4 | O186: 7566761.7 | P186: 7441670.5 | Q186: 6836345.7 | R186: 7707299.3 | S186: 6456457.8 | T186: 8355111.2 | U186: 7078791.1 | V186: 6389460 | W186: 7581924.2 | X186: 7142806.3 | Y186: 6325992 | Z186: 5980730.8
A187: 185 | B187: Ford Motor Co of Canada Ltd | C187: M | G187: 7906471.3 | H187: 6791130.9 | I187: 6597757.6 | J187: 6275788.9 | K187: 8238351.2 | L187: 6357718.7 | M187: 6151698.5 | N187: 8129620.4 | O187: 7566761.7 | P187: 7441670.5 | Q187: 6836345.7 | R187: 7707299.3 | S187: 6456457.8 | T187: 8355111.2 | U187: 7078791.1 | V187: 6389460 | W187: 7581924.2 | X187: 7142806.3 | Y187: 6325992 | Z187: 5980730.8
A188: 186 | B188: GM Oshawa Assembly | C188: M | G188: 7906471.3 | H188: 6791130.9 | I188: 6597757.6 | J188: 6275788.9 | K188: 8238351.2 | L188: 6357718.7 | M188: 6151698.5 | N188: 8129620.4 | O188: 7566761.7 | P188: 7441670.5 | Q188: 6836345.7 | R188: 7707299.3 | S188: 6456457.8 | T188: 8355111.2 | U188: 7078791.1 | V188: 6389460 | W188: 7581924.2 | X188: 7142806.3 | Y188: 6325992 | Z188: 5980730.8
A189: 187 | B189: General Motors of Canada Company | C189: M | G189: 7906471.3 | H189: 6791130.9 | I189: 6597757.6 | J189: 6275788.9 | K189: 8238351.2 | L189: 6357718.7 | M189: 6151698.5 | N189: 8129620.4 | O189: 7566761.7 | P189: 7441670.5 | Q189: 6836345.7 | R189: 7707299.3 | S189: 6456457.8 | T189: 8355111.2 | U189: 7078791.1 | V189: 6389460 | W189: 7581924.2 | X189: 7142806.3 | Y189: 6325992 | Z189: 5980730.8
A190: 188 | B190: GM CAMI Assembly | C190: M | G190: 7906471.3 | H190: 6791130.9 | I190: 6597757.6 | J190: 6275788.9 | K190: 8238351.2 | L190: 6357718.7 | M190: 6151698.5 | N190: 8129620.4 | O190: 7566761.7 | P190: 7441670.5 | Q190: 6836345.7 | R190: 7707299.3 | S190: 6456457.8 | T190: 8355111.2 | U190: 7078791.1 | V190: 6389460 | W190: 7581924.2 | X190: 7142806.3 | Y190: 6325992 | Z190: 5980730.8
A191: 189 | B191: Honda of Canada Mfg. | C191: M | G191: 7906471.3 | H191: 6791130.9 | I191: 6597757.6 | J191: 6275788.9 | K191: 8238351.2 | L191: 6357718.7 | M191: 6151698.5 | N191: 8129620.4 | O191: 7566761.7 | P191: 7441670.5 | Q191: 6836345.7 | R191: 7707299.3 | S191: 6456457.8 | T191: 8355111.2 | U191: 7078791.1 | V191: 6389460 | W191: 7581924.2 | X191: 7142806.3 | Y191: 6325992 | Z191: 5980730.8
A192: 190 | B192: Honda of Canada Manufacturing Gate B Rafid | C192: M | G192: 7906471.3 | H192: 6791130.9 | I192: 6597757.6 | J192: 6275788.9 | K192: 8238351.2 | L192: 6357718.7 | M192: 6151698.5 | N192: 8129620.4 | O192: 7566761.7 | P192: 7441670.5 | Q192: 6836345.7 | R192: 7707299.3 | S192: 6456457.8 | T192: 8355111.2 | U192: 7078791.1 | V192: 6389460 | W192: 7581924.2 | X192: 7142806.3 | Y192: 6325992 | Z192: 5980730.8
... A197: 195 | B197: Toyotetsu Canada Inc (TTCA) | C197: M | G197: 7906471.3 | H197: 6791130.9 | I197: 6597757.6 | J197: 6275788.9 | K197: 8238351.2 | L197: 6357718.7 | M197: 6151698.5 | N197: 8129620.4 | O197: 7566761.7 | P197: 7441670.5 | Q197: 6836345.7 | R197: 7707299.3 | S197: 6456457.8 | T197: 8355111.2 | U197: 7078791.1 | V197: 6389460 | W197: 7581924.2 | X197: 7142806.3 | Y197: 6325992 | Z197: 5980730.8
A198: 196 | B198: Toronto | C198: L
A199: 197 | B199: Ottawa | C199: L
A200: 198 | B200: Mississauga | C200: L
A201: 199 | B201: Brampton | C201: L
A202: 200 | B202: Hamilton | C202: L
A203: 201 | B203: London | C203: L
A204: 202 | B204: Markham | C204: L
A205: 203 | B205: Vaughan | C205: L
A206: 204 | B206: Kitchener | C206: L
A207: 205 | B207: Windsor | C207: L
A208: 206 | B208: Oakville | C208: L
A209: 207 | B209: Richmond Hill | C209: L
... A298: 296 | B298: Penetanguishene | C298: L

Sheet Node_stochastic_50
A1: nodeNum | B1: City | C1: type | D1: f_i | E1: capacity | F1: o_i | G1: d_1 | H1: d_2 | I1: d_3 | J1: d_4 | K1: d_5 | L1: d_6 | M1: d_7 | N1: d_8 | O1: d_9 | P1: d_10 | Q1: d_11 | R1: d_12 | S1: d_13 | T1: d_14 | U1: d_15 | V1: d_16 | W1: d_17 | X1: d_18 | Y1: d_19 | Z1: d_20 | AA1: si | AB1: si_num | AC1: s_1 | AD1: s_2 | AE1: s_3 | AF1: s_4 | AG1: s_5 | AH1: s_6 | AI1: s_7 | AJ1: s_8 | AK1: s_9 | AL1: s_10 | AM1: s_11 | AN1: s_12 | AO1: s_13 | AP1: s_14 | AQ1: s_15 | AR1: s_16 | AS1: s_17 | AT1: s_18 | AU1: s_19 | AV1: s_20
A2: 0 | B2: Acton | C2: C | AA2: 52750 | AB2: =AA2*25 -> 1318750 | AC2: 1356191.6 | AD2: 1960413.4 | AE2: 2761685.1 | AF2: 1786310 | AG2: 1592458.8 | AH2: 449220.95 | AI2: 521341.93 | AJ2: 1518024.6 | AK2: 1131629.9 | AL2: 1076289.1 | AM2: 1170684.9 | AN2: 1877234.3 | AO2: 1155493.3 | AP2: 127161.71 | AQ2: 1794875.1 | AR2: 1169178.3 | AS2: 1236918.2 | AT2: 1464358.4 | AU2: 0 | AV2: 1764605.9
A3: 1 | B3: Arnprior | C3: C | AA3: 29860 | AB3: =AA3*25 -> 746500 | AC3: 683581.12 | AD3: 63512.772 | AE3: 222395.76 | AF3: 365143.75 | AG3: 889828.39 | AH3: 894555.34 | AI3: 947430.08 | AJ3: 175667.31 | AK3: 602332.11 | AL3: 561747.11 | AM3: 949965.07 | AN3: 18247.357 | AO3: 555356.83 | AP3: 1276322.8 | AQ3: 315276.28 | AR3: 352616.72 | AS3: 1182352 | AT3: 0 | AU3: 689758.75 | AV3: 792266.74
A4: 2 | B4: Arthur | C4: C | AA4: 44602 | AB4: =AA4*25 -> 1115050 | AC4: 1312999.2 | AD4: 2025226 | AE4: 893033.16 | AF4: 1267375.1 | AG4: 1471607.1 | AH4: 894017.54 | AI4: 1325266.4 | AJ4: 1421080.4 | AK4: 1215748.5 | AL4: 558870.8 | AM4: 660574.94 | AN4: 1478304.2 | AO4: 977390.42 | AP4: 1344191.4 | AQ4: 1673741.4 | AR4: 253081.04 | AS4: 1514239.2 | AT4: 420428.11 | AU4: 447996.07 | AV4: 1531835.8
A5: 3 | B5: Aurora | C5: C | AA5: 110396 | AB5: =AA5*25 -> 2759900 | AC5: 2349829 | AD5: 6074758.2 | AE5: 2259263.3 | AF5: 2320320.2 | AG5: 2321145.2 | AH5: 4385917.6 | AI5: 2954210 | AJ5: 3856299.6 | AK5: 1038054 | AL5: 3776813.5 | AM5: 792315.63 | AN5: 2637529.4 | AO5: 2298025.2 | AP5: 2525420.8 | AQ5: 1162072.4 | AR5: 976862.93 | AS5: 684166.98 | AT5: 4250896.8 | AU5: 698326.97 | AV5: 2608003
A6: 4 | B6: Beaverton | C6: C | AA6: 77661 | AB6: =AA6*25 -> 1941525 | AC6: 2614366.1 | AD6: 1941604.6 | AE6: 2500757.4 | AF6: 912768.85 | AG6: 1683499.2 | AH6: 1930066.2 | AI6: 4256798.7 | AJ6: 2275782.1 | AK6: 1435185.5 | AL6: 2409569.6 | AM6: 3051275 | AN6: 1177382.6 | AO6: 2605832.4 | AP6: 633431.25 | AQ6: 1455343.3 | AR6: 2311219 | AS6: 2340411.6 | AT6: 2992235.9 | AU6: 3282678 | AV6: 2527593.3
A7: 5 | B7: Bowmanville | C7: C | AA7: 77661 | AB7: =AA7*25 -> 1941525 | AC7: 1119759.9 | AD7: 0 | AE7: 3075334.8 | AF7: 2089483.7 | AG7: 1901552.3 | AH7: 2462287.6 | AI7: 2786829.1 | AJ7: 1912055.4 | AK7: 746374.65 | AL7: 1249125.5 | AM7: 1107518.2 | AN7: 2924258 | AO7: 2218865.7 | AP7: 2889423.9 | AQ7: 1996600.2 | AR7: 2365681.2 | AS7: 954150.25 | AT7: 2570244.4 | AU7: 3588236 | AV7: 3911784.7
A8: 6 | B8: Bradford | C8: C | AA8: 103343 | AB8: =AA8*25 -> 2583575 | AC8: 956479.56 | AD8: 93644.493 | AE8: 2822480.9 | AF8: 1051797.6 | AG8: 2890034.9 | AH8: 1743443.5 | AI8: 5633362.5 | AJ8: 1538905.4 | AK8: 420122.23 | AL8: 3374928.8 | AM8: 2451102.1 | AN8: 3278531.5 | AO8: 2351341.6 | AP8: 3259115.4 | AQ8: 3911664.1 | AR8: 2598552.8 | AS8: 3622357.3 | AT8: 4203040 | AU8: 3206183.6 | AV8: 3066205.4
A9: 7 | B9: Brampton | C9: C | AA9: 371033 | AB9: =AA9*25 -> 9275825 | AC9: 6844784.7 | AD9: 8933062.2 | AE9: 1442505.3 | AF9: 9651220.7 | AG9: 4115225.4 | AH9: 10583512 | AI9: 6687532 | AJ9: 10450608 | AK9: 845779.85 | AL9: 8286219 | AM9: 12406930 | AN9: 12734595 | AO9: 6618084 | AP9: 10687408 | AQ9: 14524105 | AR9: 13373931 | AS9: 16891962 | AT9: 7170382 | AU9: 11820729 | AV9: 4262082.4
A10: 8 | B10: Brantford | C10: C | AA10: 83809 | AB10: =AA10*25 -> 2095225 | AC10: 2973199.1 | AD10: 1354164.8 | AE10: 2387303.8 | AF10: 542240.4 | AG10: 869045.01 | AH10: 1340924.4 | AI10: 4080131.8 | AJ10: 4094502.6 | AK10: 2699776 | AL10: 1272326.5 | AM10: 347505.3 | AN10: 1933773.7 | AO10: 2344663.8 | AP10: 2205515.5 | AQ10: 2838991.5 | AR10: 2097459.3 | AS10: 3401443 | AT10: 2430020.3 | AU10: 1966520.4 | AV10: 2502147.5
A11: 9 | B11: Caistor Centre | C11: C | AA11: 4704 | AB11: =AA11*25 -> 117600 | AC11: 92737.778 | AD11: 68493.87 | AE11: 68669.123 | AF11: 135947.46 | AG11: 99972.781 | AH11: 199865.14 | AI11: 51878.272 | AJ11: 145321.33 | AK11: 155139.74 | AL11: 56355.155 | AM11: 122928.9 | AN11: 158300.08 | AO11: 249140.84 | AP11: 150628.36 | AQ11: 115122.43 | AR11: 171137.65 | AS11: 100184.57 | AT11: 64111.359 | AU11: 110282.51 | AV11: 112980.52
A12: 10 | B12: Caledon | C12: C | AA12: 371033 | AB12: =AA12*25 -> 9275825 | AC12: 9010172.9 | AD12: 5987775.6 | AE12: 0 | AF12: 6669653.4 | AG12: 10987072 | AH12: 10352312 | AI12: 15055953 | AJ12: 11401769 | AK12: 13728849 | AL12: 5250465.3 | AM12: 7395954.3 | AN12: 12197501 | AO12: 6560010.5 | AP12: 8551715.5 | AQ12: 5299727.3 | AR12: 9438374.8 | AS12: 0 | AT12: 14676895 | AU12: 14998454 | AV12: 9567104.8
A13: 11 | B13: Cambridge | C13: C | AA13: 107823 | AB13: =AA13*25 -> 2695575 | AC13: 0 | AD13: 3265157.7 | AE13: 4709878.5 | AF13: 4067596 | AG13: 4803815.2 | AH13: 1827066 | AI13: 1825241.7 | AJ13: 2440552.2 | AK13: 4704899.5 | AL13: 4245753 | AM13: 2605412.3 | AN13: 2354628.7 | AO13: 2281168.9 | AP13: 1632279.3 | AQ13: 3034302.3 | AR13: 4911625.4 | AS13: 1226561.7 | AT13: 2774934.1 | AU13: 1824945.6 | AV13: 3316491.4
... A78: 76 | B78: Windsor | C78: C | AA78: 56665 | AB78: =AA78*25 -> 1416625 | AC78: 2067133 | AD78: 1525536.1 | AE78: 1585472.6 | AF78: 0 | AG78: 1465611.4 | AH78: 1395166.1 | AI78: 1255305.2 | AJ78: 840034.35 | AK78: 1327049.7 | AL78: 871887.49 | AM78: 838742.38 | AN78: 1462658.2 | AO78: 1156051.3 | AP78: 1201682.8 | AQ78: 2103632.4 | AR78: 455550.21 | AS78: 1013043.7 | AT78: 2632177.2 | AU78: 1733594.1 | AV78: 1459601.5
A79: 77 | B79: Toronto | C79: R | D79: 2018592.8 | E79: 6000000000 | F79: 0.02
A80: 78 | B80: Ottawa | C80: R | D80: 2012544.2 | E80: 6000000000 | F80: 0.02
A81: 79 | B81: Mississauga | C81: R | D81: 2035869.4 | E81: 6000000000 | F81: 0.02
A82: 80 | B82: Brampton | C82: R | D82: 2035869.4 | E82: 6000000000 | F82: 0.02
A83: 81 | B83: Hamilton | C83: R | D83: 2035755.2 | E83: 6000000000 | F83: 0.02
A84: 82 | B84: London | C84: R | D84: 2019654.7 | E84: 6000000000 | F84: 0.02
A85: 83 | B85: Markham | C85: R | D85: 2035755.2 | E85: 6000000000 | F85: 0.02
A86: 84 | B86: Vaughan | C86: R | D86: 2016415 | E86: 6000000000 | F86: 0.02
A87: 85 | B87: Kitchener | C87: R | D87: 2025276.7 | E87: 6000000000 | F87: 0.02
A88: 86 | B88: Windsor | C88: R | D88: 2021880.1 | E88: 6000000000 | F88: 0.02
A89: 87 | B89: Oakville | C89: R | D89: 2054614.9 | E89: 6000000000 | F89: 0.02
A90: 88 | B90: Richmond Hill | C90: R | D90: 2035755.2 | E90: 6000000000 | F90: 0.02
... A179: 177 | B179: Penetanguishene | C179: R | D179: 2016415 | E179: 6000000000 | F179: 0.02
A180: 178 | B180: Fiat Chrysler Automobiles, Brampton Assembly Plant | C180: M | G180: =SUM(AC2:AC78)*0.8/18 -> 6706251.7 | H180: =SUM(AD2:AD78)*0.8/18 -> 7462651.6 | I180: =SUM(AE2:AE78)*0.8/18 -> 6538542.4 | J180: =SUM(AF2:AF78)*0.8/18 -> 7182039.4 | K180: =SUM(AG2:AG78)*0.8/18 -> 6572853 | L180: =SUM(AH2:AH78)*0.8/18 -> 7893009.4 | M180: =SUM(AI2:AI78)*0.8/18 -> 7239448 | N180: =SUM(AJ2:AJ78)*0.8/18 -> 7535624.5 | ... Z180: =SUM(AV2:AV78)*0.8/18 -> 6884141.5
A181: 179 | B181: Stellantis (Chrysler) Windsor | C181: M | G181: 6706251.7 | H181: 7462651.6 | I181: 6538542.4 | J181: 7182039.4 | K181: 6572853 | L181: 7893009.4 | M181: 7239448 | N181: 7535624.5 | O181: 5937240.1 | P181: 7000457 | Q181: 6403479.4 | R181: 8005367.3 | S181: 7938025.8 | T181: 7840680.8 | U181: 8184903 | V181: 6058266 | W181: 6713445.7 | X181: 6394134.1 | Y181: 7712538.9 | Z181: 6884141.5
A182: 180 | B182: Oakville Assembly Complex, Ford Motor Company of Canada, Limited | C182: M | G182: 6706251.7 | H182: 7462651.6 | I182: 6538542.4 | J182: 7182039.4 | K182: 6572853 | L182: 7893009.4 | M182: 7239448 | N182: 7535624.5 | O182: 5937240.1 | P182: 7000457 | Q182: 6403479.4 | R182: 8005367.3 | S182: 7938025.8 | T182: 7840680.8 | U182: 8184903 | V182: 6058266 | W182: 6713445.7 | X182: 6394134.1 | Y182: 7712538.9 | Z182: 6884141.5
A183: 181 | B183: St. Thomas Assembly Plant | C183: M | G183: 6706251.7 | H183: 7462651.6 | I183: 6538542.4 | J183: 7182039.4 | K183: 6572853 | L183: 7893009.4 | M183: 7239448 | N183: 7535624.5 | O183: 5937240.1 | P183: 7000457 | Q183: 6403479.4 | R183: 8005367.3 | S183: 7938025.8 | T183: 7840680.8 | U183: 8184903 | V183: 6058266 | W183: 6713445.7 | X183: 6394134.1 | Y183: 7712538.9 | Z183: 6884141.5
A184: 182 | B184: Ford Motor Co. Windsor Engine Plant | C184: M | G184: 6706251.7 | H184: 7462651.6 | I184: 6538542.4 | J184: 7182039.4 | K184: 6572853 | L184: 7893009.4 | M184: 7239448 | N184: 7535624.5 | O184: 5937240.1 | P184: 7000457 | Q184: 6403479.4 | R184: 8005367.3 | S184: 7938025.8 | T184: 7840680.8 | U184: 8184903 | V184: 6058266 | W184: 6713445.7 | X184: 6394134.1 | Y184: 7712538.9 | Z184: 6884141.5
A185: 183 | B185: Ford | C185: M | G185: 6706251.7 | H185: 7462651.6 | I185: 6538542.4 | J185: 7182039.4 | K185: 6572853 | L185: 7893009.4 | M185: 7239448 | N185: 7535624.5 | O185: 5937240.1 | P185: 7000457 | Q185: 6403479.4 | R185: 8005367.3 | S185: 7938025.8 | T185: 7840680.8 | U185: 8184903 | V185: 6058266 | W185: 6713445.7 | X185: 6394134.1 | Y185: 7712538.9 | Z185: 6884141.5
A186: 184 | B186: Oakville Assembly Complex, Ford Motor Company of Canada, Limited | C186: M | G186: 6706251.7 | H186: 7462651.6 | I186: 6538542.4 | J186: 7182039.4 | K186: 6572853 | L186: 7893009.4 | M186: 7239448 | N186: 7535624.5 | O186: 5937240.1 | P186: 7000457 | Q186: 6403479.4 | R186: 8005367.3 | S186: 7938025.8 | T186: 7840680.8 | U186: 8184903 | V186: 6058266 | W186: 6713445.7 | X186: 6394134.1 | Y186: 7712538.9 | Z186: 6884141.5
A187: 185 | B187: Ford Motor Co of Canada Ltd | C187: M | G187: 6706251.7 | H187: 7462651.6 | I187: 6538542.4 | J187: 7182039.4 | K187: 6572853 | L187: 7893009.4 | M187: 7239448 | N187: 7535624.5 | O187: 5937240.1 | P187: 7000457 | Q187: 6403479.4 | R187: 8005367.3 | S187: 7938025.8 | T187: 7840680.8 | U187: 8184903 | V187: 6058266 | W187: 6713445.7 | X187: 6394134.1 | Y187: 7712538.9 | Z187: 6884141.5
A188: 186 | B188: GM Oshawa Assembly | C188: M | G188: 6706251.7 | H188: 7462651.6 | I188: 6538542.4 | J188: 7182039.4 | K188: 6572853 | L188: 7893009.4 | M188: 7239448 | N188: 7535624.5 | O188: 5937240.1 | P188: 7000457 | Q188: 6403479.4 | R188: 8005367.3 | S188: 7938025.8 | T188: 7840680.8 | U188: 8184903 | V188: 6058266 | W188: 6713445.7 | X188: 6394134.1 | Y188: 7712538.9 | Z188: 6884141.5
A189: 187 | B189: General Motors of Canada Company | C189: M | G189: 6706251.7 | H189: 7462651.6 | I189: 6538542.4 | J189: 7182039.4 | K189: 6572853 | L189: 7893009.4 | M189: 7239448 | N189: 7535624.5 | O189: 5937240.1 | P189: 7000457 | Q189: 6403479.4 | R189: 8005367.3 | S189: 7938025.8 | T189: 7840680.8 | U189: 8184903 | V189: 6058266 | W189: 6713445.7 | X189: 6394134.1 | Y189: 7712538.9 | Z189: 6884141.5
A190: 188 | B190: GM CAMI Assembly | C190: M | G190: 6706251.7 | H190: 7462651.6 | I190: 6538542.4 | J190: 7182039.4 | K190: 6572853 | L190: 7893009.4 | M190: 7239448 | N190: 7535624.5 | O190: 5937240.1 | P190: 7000457 | Q190: 6403479.4 | R190: 8005367.3 | S190: 7938025.8 | T190: 7840680.8 | U190: 8184903 | V190: 6058266 | W190: 6713445.7 | X190: 6394134.1 | Y190: 7712538.9 | Z190: 6884141.5
A191: 189 | B191: Honda of Canada Mfg. | C191: M | G191: 6706251.7 | H191: 7462651.6 | I191: 6538542.4 | J191: 7182039.4 | K191: 6572853 | L191: 7893009.4 | M191: 7239448 | N191: 7535624.5 | O191: 5937240.1 | P191: 7000457 | Q191: 6403479.4 | R191: 8005367.3 | S191: 7938025.8 | T191: 7840680.8 | U191: 8184903 | V191: 6058266 | W191: 6713445.7 | X191: 6394134.1 | Y191: 7712538.9 | Z191: 6884141.5
A192: 190 | B192: Honda of Canada Manufacturing Gate B Rafid | C192: M | G192: 6706251.7 | H192: 7462651.6 | I192: 6538542.4 | J192: 7182039.4 | K192: 6572853 | L192: 7893009.4 | M192: 7239448 | N192: 7535624.5 | O192: 5937240.1 | P192: 7000457 | Q192: 6403479.4 | R192: 8005367.3 | S192: 7938025.8 | T192: 7840680.8 | U192: 8184903 | V192: 6058266 | W192: 6713445.7 | X192: 6394134.1 | Y192: 7712538.9 | Z192: 6884141.5
... A197: 195 | B197: Toyotetsu Canada Inc (TTCA) | C197: M | G197: 6706251.7 | H197: 7462651.6 | I197: 6538542.4 | J197: 7182039.4 | K197: 6572853 | L197: 7893009.4 | M197: 7239448 | N197: 7535624.5 | O197: 5937240.1 | P197: 7000457 | Q197: 6403479.4 | R197: 8005367.3 | S197: 7938025.8 | T197: 7840680.8 | U197: 8184903 | V197: 6058266 | W197: 6713445.7 | X197: 6394134.1 | Y197: 7712538.9 | Z197: 6884141.5
A198: 196 | B198: Toronto | C198: L
A199: 197 | B199: Ottawa | C199: L
A200: 198 | B200: Mississauga | C200: L
A201: 199 | B201: Brampton | C201: L
A202: 200 | B202: Hamilton | C202: L
A203: 201 | B203: London | C203: L
A204: 202 | B204: Markham | C204: L
A205: 203 | B205: Vaughan | C205: L
A206: 204 | B206: Kitchener | C206: L
A207: 205 | B207: Windsor | C207: L
A208: 206 | B208: Oakville | C208: L
A209: 207 | B209: Richmond Hill | C209: L
... A298: 296 | B298: Penetanguishene | C298: L

Sheet distanceMatrixCtoR
B1: 77 | C1: 78 | D1: 79 | E1: 80 | F1: 81 | G1: 82 | H1: 83 | I1: 84 | J1: 85 | K1: 86 | L1: 87 | M1: 88 | N1: 89 | O1: 90 | P1: 91 | Q1: 92 | R1: 93 | S1: 94 | T1: 95 | U1: 96 | V1: 97 | W1: 98 | X1: 99 | Y1: 100 | Z1: 101 | AA1: 102 | AB1: 103 | AC1: 104 | AD1: 105 | AE1: 106 | AF1: 107 | AG1: 108 | AH1: 109 | AI1: 110 | AJ1: 111 | AK1: 112 | AL1: 113 | AM1: 114 | AN1: 115 | AO1: 116 | AP1: 117 | AQ1: 118 | AR1: 119 | AS1: 120 | AT1: 121 | AU1: 122 | AV1: 123 | AW1: 124 | AX1: 125 | AY1: 126 | AZ1: 127 | BA1: 128 | BB1: 129 | BC1: 130 | BD1: 131 | BE1: 132 | BF1: 133 | BG1: 134 | BH1: 135 | BI1: 136 | BJ1: 137 | BK1: 138 | BL1: 139 | BM1: 140 | BN1: 141 | BO1: 142 | BP1: 143 | BQ1: 144 | BR1: 145 | BS1: 146 | BT1: 147 | BU1: 148 | BV1: 149 | BW1: 150 | BX1: 151 | BY1: 152 | BZ1: 153 | CA1: 154 | CB1: 155 | CC1: 156 | CD1: 157 | CE1: 158 | CF1: 159 | CG1: 160 | CH1: 161 | CI1: 162 | CJ1: 163 | CK1: 164 | CL1: 165 | CM1: 166 | CN1: 167 | CO1: 168 | CP1: 169 | CQ1: 170 | CR1: 171 | CS1: 172 | CT1: 173 | CU1: 174 | CV1: 175 | CW1: 176 | CX1: 177
A2: 0 | B2: 75.944172 | C2: 458.19652 | D2: 52.235754 | E2: 46.700165 | F2: 56.159669 | G2: 142.31771 | H2: 84.930203 | I2: 66.028928 | J2: 56.081663 | K2: 320.72358 | L2: 51.864863 | M2: 80.013018 | N2: 48.446155 | O2: 133.304 | P2: 425.36882 | Q2: 135.43193 | R2: 19.955442 | S2: 123.72888 | T2: 45.279733 | U2: 100.61943 | V2: 22.219244 | W2: 335.92882 | X2: 106.79278 | Y2: 61.606373 | Z2: 1505.4366 | AA2: 74.729808 | AB2: 233.83818 | AC2: 152.72441 | AD2: 108.8842 | AE2: 117.74649 | AF2: 102.43357 | AG2: 193.61462 | AH2: 191.31518 | AI2: 35.956714 | AJ2: 804.32695 | AK2: 242.00154 | AL2: 129.18074 | AM2: 14.739592 | AN2: 94.379663 | AO2: 122.84823 | AP2: 260.03112 | AQ2: 381.95204 | AR2: 105.88881 | AS2: 102.70752 | AT2: 506.82627 | AU2: 135.55135 | AV2: 88.959027 | AW2: 103.00739 | AX2: 246.40055 | AY2: 74.197748 | AZ2: 155.02855 | BA2: 120.56229 | BB2: 728.2371 | BC2: 73.445818 | BD2: 294.90963 | BE2: 112.06542 | BF2: 169.43646 | BG2: 101.00546 | BH2: 318.68805 | BI2: 143.43855 | BJ2: 43.410895 | BK2: 298.86836 | BL2: 72.999625 | BM2: 494.31053 | BN2: 276.57022 | BO2: 113.86748 | BP2: 84.422779 | BQ2: 116.33571 | BR2: 110.04337 | BS2: 312.26305 | BT2: 310.53959 | BU2: 335.92755 | BV2: 257.27227 | BW2: 146.45467 | BX2: 411.76986 | BY2: 302.09103 | BZ2: 190.04334 | CA2: 135.91088 | CB2: 120.93406 | CC2: 445.03565 | CD2: 185.01231 | CE2: 126.15937 | CF2: 117.1567 | CG2: 223.08543 | CH2: 179.06851 | CI2: 295.15326 | CJ2: 154.59371 | CK2: 1861.1921 | CL2: 417.92497 | CM2: 106.81795 | CN2: 448.13537 | CO2: 206.695 | CP2: 405.63634 | CQ2: 21.649316 | CR2: 579.10159 | CS2: 580.53684 | CT2: 47.784401 | CU2: 534.27615 | CV2: 447.52083 | CW2: 61.055805 | CX2: 186.94239
A3: 1 | B3: 395.05248 | C3: 67.013308 | D3: 405.66151 | E3: 403.79893 | F3: 453.48786 | G3: 559.0308 | H3: 359.05301 | I3: 376.56891 | J3: 472.79475 | K3: 737.43667 | L3: 428.8193 | M3: 370.67702 | N3: 445.77434 | O3: 337.31944 | P3: 424.953 | Q3: 351.55802 | R3: 458.22269 | S3: 343.83387 | T3: 461.99282 | U3: 497.94762 | V3: 422.40708 | W3: 178.85613 | X3: 350.36671 | Y3: 478.31946 | Z3: 1400.2989 | AA3: 488.37907 | AB3: 650.55126 | AC3: 303.44012 | AD3: 355.96094 | AE3: 515.07468 | AF3: 389.94943 | AG3: 252.16055 | AH3: 283.12053 | AI3: 422.98357 | AJ3: 733.634 | AK3: 658.71463 | AL3: 540.58535 | AM3: 425.83367 | AN3: 385.08769 | AO3: 520.17642 | AP3: 213.37767 | AQ3: 297.47588 | AR3: 503.217 | AS3: 367.12416 | AT3: 163.84053 | AU3: 340.04436 | AV3: 505.67212 | AW3: 415.72397 | AX3: 225.07731 | AY3: 427.16233 | AZ3: 571.74163 | BA3: 369.64293 | BB3: 659.01585 | BC3: 496.276 | BD3: 711.62272 | BE3: 391.63654 | BF3: 315.23953 | BG3: 517.71854 | BH3: 735.40114 | BI3: 586.50735 | BJ3: 441.39162 | BK3: 715.58144 | BL3: 470.32782 | BM3: 103.12731 | BN3: 232.63989 | BO3: 396.92254 | BP3: 481.75097 | BQ3: 381.00144 | BR3: 507.37156 | BS3: 728.97614 | BT3: 727.25268 | BU3: 752.64064 | BV3: 286.99575 | BW3: 457.53123 | BX3: 150.76212 | BY3: 718.80412 | BZ3: 281.5028 | CA3: 533.23907 | CB3: 518.26225 | CC3: 102.75527 | CD3: 365.57297 | CE3: 542.87246 | CF3: 514.48489 | CG3: 306.86204 | CH3: 290.19642 | CI3: 189.35011 | CJ3: 512.08444 | CK3: 1868.9323 | CL3: 29.199351 | CM3: 523.53104 | CN3: 86.115932 | CO3: 311.77131 | CP3: 40.438385 | CQ3: 442.52294 | CR3: 587.18456 | CS3: 172.84863 | CT3: 443.53186 | CU3: 449.79998 | CV3: 2.5105594 | CW3: 419.48976 | CX3: 372.30204
A4: 2 | B4: 120.11744 | C4: 499.24211 | D4: 96.546692 | E4: 76.24721 | F4: 94.318783 | G4: 145.50226 | H4: 125.97579 | I4: 107.07452 | J4: 52.032911 | K4: 323.90813 | L4: 96.469636 | M4: 110.5719 | N4: 92.383119 | O4: 174.34959 | P4: 397.2191 | Q4: 114.39981 | R4: 41.098941 | S4: 164.77447 | T4: 74.198093 | U4: 144.5564 | V4: 74.085564 | W4: 376.97441 | X4: 158.07658 | Y4: 47.204912 | Z4: 1474.412 | AA4: 97.576974 | AB4: 237.02273 | AC4: 193.76999 | AD4: 149.92979 | AE4: 161.68345 | AF4: 93.206641 | AG4: 234.66021 | AH4: 181.96432 | AI4: 59.820982 | AJ4: 773.30238 | AK4: 223.24042 | AL4: 134.03958 | AM4: 64.235638 | AN4: 97.391514 | AO4: 166.78519 | AP4: 301.07671 | AQ4: 362.05324 | AR4: 144.04793 | AS4: 109.34286 | AT4: 547.87186 | AU4: 126.2005 | AV4: 90.775669 | AW4: 94.061152 | AX4: 287.44614 | AY4: 76.908204 | AZ4: 158.21309 | BA4: 107.12407 | BB4: 700.08737 | BC4: 89.766392 | BD4: 298.09418 | BE4: 99.881141 | BF4: 149.53765 | BG4: 71.398803 | BH4: 321.8726 | BI4: 187.37551 | BJ4: 37.130963 | BK4: 302.05291 | BL4: 116.93659 | BM4: 535.35611 | BN4: 317.61581 | BO4: 97.330248 | BP4: 128.35974 | BQ4: 109.17452 | BR4: 153.98034 | BS4: 315.4476 | BT4: 313.72414 | BU4: 339.1121 | BV4: 237.37346 | BW4: 94.223116 | BX4: 452.81545 | BY4: 305.27558 | BZ4: 231.08893 | CA4: 179.84785 | CB4: 164.87102 | CC4: 441.75221 | CD4: 153.94319 | CE4: 129.34392 | CF4: 161.09367 | CG4: 203.18663 | CH4: 220.1141 | CI4: 336.19885 | CJ4: 103.02595 | CK4: 1830.1675 | CL4: 458.97056 | CM4: 110.0025 | CN4: 440.31529 | CO4: 186.7962 | CP4: 446.68193 | CQ4: 45.457256 | CR4: 550.95187 | CS4: 621.58242 | CT4: 40.153943 | CU4: 514.37734 | CV4: 488.56642 | CW4: 49.631377 | CX4: 155.48652
A5: 3 | B5: 44.23864 | C5: 397.04459 | D5: 63.335466 | E5: 61.472881 | F5: 111.16181 | G5: 216.70475 | H5: 20.20187 | I5: 34.242864 | J5: 130.46871 | K5: 395.11062 | L5: 86.493258 | M5: 12.388399 | N5: 103.4483 | O5: 72.152066 | P5: 356.81159 | Q5: 66.8747 | R5: 115.89664 | S5: 62.576953 | T5: 119.66678 | U5: 155.62158 | V5: 80.081034 | W5: 274.77689 | X5: 56.028665 | Y5: 135.99342 | Z5: 1352.8824 | AA5: 146.05302 | AB5: 308.22522 | AC5: 91.572475 | AD5: 47.732269 | AE5: 172.74863 | AF5: 17.735456 | AG5: 132.46269 | AH5: 98.672336 | AI5: 50.067539 | AJ5: 656.99381 | AK5: 316.38859 | AL5: 198.25931 | AM5: 83.50762 | AN5: 7.1481757 | AO5: 177.85037 | AP5: 198.87919 | AQ5: 313.39481 | AR5: 160.89096 | AS5: 9.7689908 | AT5: 445.67434 | AU5: 42.908509 | AV5: 163.34607 | AW5: 34.450165 | AX5: 185.24862 | AY5: 45.888519 | AZ5: 229.41559 | BA5: 52.005063 | BB5: 659.67987 | BC5: 153.94995 | BD5: 369.29667 | BE5: 19.422574 | BF5: 100.87923 | BG5: 175.3925 | BH5: 393.07509 | BI5: 198.44069 | BJ5: 65.777182 | BK5: 373.2554 | BL5: 128.00177 | BM5: 433.1586 | BN5: 215.41829 | BO5: 119.29144 | BP5: 139.42492 | BQ5: 104.80065 | BR5: 165.04552 | BS5: 386.65009 | BT5: 384.92664 | BU5: 410.3146 | BV5: 188.71504 | BW5: 174.77977 | BX5: 350.61793 | BY5: 376.47808 | BZ5: 128.89141 | CA5: 190.91303 | CB5: 175.9362 | CC5: 383.88371 | CD5: 116.45508 | CE5: 200.54641 | CF5: 172.15885 | CG5: 154.5282 | CH5: 117.91658 | CI5: 234.00133 | CJ5: 211.41364 | CK5: 1935.5791 | CL5: 356.77304 | CM5: 181.205 | CN5: 386.98344 | CO5: 138.13778 | CP5: 344.48441 | CQ5: 100.19689 | CR5: 510.54437 | CS5: 519.3849 | CT5: 68.427401 | CU5: 465.71892 | CV5: 386.3689 | CW5: 89.369916 | CX5: 118.38517
A6: 4 | B6: 116.11188 | C6: 364.70133 | D6: 135.2087 | E6: 133.34612 | F6: 183.03505 | G6: 288.57799 | H6: 92.075107 | I6: 106.1161 | J6: 202.34194 | K6: 466.98386 | L6: 158.36649 | M6: 88.896257 | N6: 175.32154 | O6: 70.548672 | P6: 309.6773 | Q6: 69.991428 | R6: 187.76988 | S6: 67.227072 | T6: 191.54001 | U6: 227.49481 | V6: 151.95427 | W6: 279.40519 | X6: 80.657906 | Y6: 207.86665 | Z6: 1305.7481 | AA6: 217.92626 | AB6: 380.09846 | AC6: 94.176364 | AD6: 86.252135 | AE6: 244.62187 | AF6: 67.888268 | AG6: 88.539299 | AH6: 28.883673 | AI6: 124.89348 | AJ6: 609.85952 | AK6: 388.26182 | AL6: 270.13254 | AM6: 155.38086 | AN6: 75.391469 | AO6: 249.72361 | AP6: 203.50749 | AQ6: 234.56684 | AR6: 232.7642 | AS6: 67.101871 | AT6: 450.30264 | AU6: 35.584088 | AV6: 235.21931 | AW6: 74.683426 | AX6: 189.87692 | AY6: 92.561824 | AZ6: 301.28883 | BA6: 88.076336 | BB6: 596.10682 | BC6: 225.82319 | BD6: 441.16991 | BE6: 60.906975 | BF6: 33.672944 | BG6: 247.26574 | BH6: 464.94833 | BI6: 270.31393 | BJ6: 121.35913 | BK6: 445.12864 | BL6: 199.87501 | BM6: 400.81534 | BN6: 220.04659 | BO6: 115.35595 | BP6: 211.29816 | BQ6: 99.43485 | BR6: 236.91875 | BS6: 458.52333 | BT6: 456.79987 | BU6: 482.18783 | BV6: 109.88707 | BW6: 175.96464 | BX6: 355.24623 | BY6: 448.35131 | BZ6: 133.51971 | CA6: 262.78626 | CB6: 247.80944 | CC6: 279.59019 | CD6: 84.006383 | CE6: 272.41965 | CF6: 244.03208 | CG6: 75.700231 | CH6: 122.54488 | CI6: 238.62963 | CJ6: 230.51785 | CK6: 1760.528 | CL6: 322.35193 | CM6: 253.07823 | CN6: 278.15326 | CO6: 59.309803 | CP6: 310.0633 | CQ6: 135.31991 | CR6: 463.41008 | CS6: 524.0132 | CT6: 124.00935 | CU6: 386.89094 | CV6: 298.84869 | CW6: 137.92317 | CX6: 90.735453
A7: 5 | B7: 122.06161 | C7: 350.66944 | D7: 141.15844 | E7: 139.29585 | F7: 188.98478 | G7: 294.52772 | H7: 92.714577 | I7: 112.06584 | J7: 208.29168 | K7: 472.93359 | L7: 164.31623 | M7: 94.845992 | N7: 181.27127 | O7: 62.023084 | P7: 322.36017 | Q7: 82.674298 | R7: 193.71961 | S7: 65.788341 | T7: 197.48975 | U7: 233.44455 | V7: 157.90401 | W7: 270.14355 | X7: 76.763002 | Y7: 213.81639 | Z7: 1318.431 | AA7: 223.87599 | AB7: 386.04819 | AC7: 83.442724 | AD7: 82.357231 | AE7: 250.5716 | AF7: 73.838003 | AG7: 76.585267 | AH7: 22.576404 | AI7: 130.84321 | AJ7: 622.54239 | AK7: 394.21156 | AL7: 276.08228 | AM7: 161.33059 | AN7: 81.341203 | AO7: 255.67334 | AP7: 194.24585 | AQ7: 247.24971 | AR7: 238.71393 | AS7: 73.051606 | AT7: 441.041 | AU7: 41.533822 | AV7: 241.16904 | AW7: 80.633161 | AX7: 180.61528 | AY7: 98.511558 | AZ7: 307.23856 | BA7: 100.75921 | BB7: 608.78969 | BC7: 231.77292 | BD7: 447.11964 | BE7: 66.85671 | BF7: 46.355814 | BG7: 253.21547 | BH7: 470.89807 | BI7: 276.26367 | BJ7: 127.30887 | BK7: 451.07837 | BL7: 205.82474 | BM7: 386.78345 | BN7: 210.78495 | BO7: 128.03882 | BP7: 217.24789 | BQ7: 112.11772 | BR7: 242.86849 | BS7: 464.47306 | BT7: 462.74961 | BU7: 488.13757 | BV7: 122.56994 | BW7: 188.64751 | BX7: 345.98459 | BY7: 454.30105 | BZ7: 124.25807 | CA7: 268.736 | CB7: 253.75917 | CC7: 282.80766 | CD7: 96.689253 | CE7: 278.36938 | CF7: 249.98182 | CG7: 88.383101 | CH7: 113.28324 | CI7: 229.36799 | CJ7: 243.20072 | CK7: 1773.2109 | CL7: 310.3979 | CM7: 259.02797 | CN7: 281.37073 | CO7: 71.992673 | CP7: 298.10927 | CQ7: 141.26965 | CR7: 476.09295 | CS7: 514.75157 | CT7: 129.95909 | CU7: 399.57381 | CV7: 302.06616 | CW7: 150.60604 | CX7: 103.41832
A8: 6 | B8: 81.816452 | C8: 434.772 | D8: 68.629167 | E8: 66.766582 | F8: 116.45551 | G8: 221.99845 | H8: 61.505684 | I8: 40.410153 | J8: 135.76241 | K8: 400.40432 | L8: 91.786959 | M8: 41.09143 | N8: 108.742 | O8: 109.87948 | P8: 329.7171 | Q8: 39.780209 | R8: 121.19034 | S8: 100.30437 | T8: 124.96048 | U8: 160.91528 | V8: 85.374735 | W8: 312.5043 | X8: 93.606477 | Y8: 141.28712 | Z8: 1325.7879 | AA8: 151.34672 | AB8: 313.51892 | AC8: 129.29989 | AD8: 85.459682 | AE8: 178.04233 | AF8: 23.708256 | AG8: 170.1901 | AH8: 99.588202 | AI8: 52.16226 | AJ8: 629.89932 | AK8: 321.68229 | AL8: 203.55301 | AM8: 88.801321 | AN8: 27.911042 | AO8: 183.14407 | AP8: 236.6066 | AQ8: 286.30032 | AR8: 166.18466 | AS8: 39.844471 | AT8: 483.40175 | AU8: 43.824376 | AV8: 168.63977 | AW8: 8.0188075 | AX8: 222.97603 | AY8: 10.911871 | AZ8: 234.70929 | BA8: 22.065049 | BB8: 632.58538 | BC8: 159.24365 | BD8: 374.59037 | BE8: 20.932679 | BF8: 73.78474 | BG8: 180.6862 | BH8: 398.3688 | BI8: 203.7344 | BJ8: 48.627915 | BK8: 378.5491 | BL8: 133.29547 | BM8: 470.88601 | BN8: 253.1457 | BO8: 81.710905 | BP8: 144.71862 | BQ8: 68.925095 | BR8: 170.33922 | BS8: 391.94379 | BT8: 390.22034 | BU8: 415.6083 | BV8: 161.62055 | BW8: 139.8647 | BX8: 388.34535 | BY8: 381.77178 | BZ8: 166.61882 | CA8: 196.20673 | CB8: 181.2299 | CC8: 365.9993 | CD8: 89.36059 | CE8: 205.84011 | CF8: 177.45255 | CG8: 127.43371 | CH8: 155.64399 | CI8: 271.72874 | CJ8: 176.49857 | CK8: 1780.5678 | CL8: 394.50046 | CM8: 186.4987 | CN8: 364.56237 | CO8: 111.04329 | CP8: 382.21183 | CQ8: 62.588696 | CR8: 483.44987 | CS8: 557.11232 | CT8: 41.493393 | CU8: 438.62443 | CV8: 385.2578 | CW8: 54.454842 | CX8: 91.290676
A9: 7 | B9: 42.868436 | C9: 417.85201 | D9: 19.29769 | E9: 2.4038168 | F9: 63.738279 | G9: 169.19249 | H9: 44.585698 | I9: 25.684423 | J9: 82.956443 | K9: 347.59836 | L9: 39.069724 | M9: 39.668513 | N9: 56.024765 | O9: 92.959493 | P9: 387.18326 | Q9: 97.246362 | R9: 68.384378 | S9: 83.38438 | T9: 72.154512 | U9: 108.19804 | V9: 32.56877 | W9: 295.58432 | X9: 76.686491 | Y9: 88.481152 | Z9: 1383.2541 | AA9: 98.629489 | AB9: 260.71296 | AC9: 112.3799 | AD9: 68.539696 | AE9: 125.3251 | AF9: 62.089063 | AG9: 153.27012 | AH9: 150.97068 | AI9: 24.179966 | AJ9: 687.36547 | AK9: 268.87632 | AL9: 150.83577 | AM9: 35.995356 | AN9: 54.035158 | AO9: 130.42684 | AP9: 219.68662 | AQ9: 343.76648 | AR9: 113.46742 | AS9: 62.363016 | AT9: 466.48177 | AU9: 95.206849 | AV9: 115.83381 | AW9: 64.821828 | AX9: 206.05604 | AY9: 56.389594 | AZ9: 181.90332 | BA9: 82.376726 | BB9: 690.05153 | BC9: 106.52642 | BD9: 321.78441 | BE9: 71.720914 | BF9: 131.25089 | BG9: 127.88023 | BH9: 345.56283 | BI9: 151.01716 | BJ9: 42.588019 | BK9: 325.74313 | BL9: 80.578236 | BM9: 453.96602 | BN9: 236.22572 | BO9: 109.6915 | BP9: 92.001389 | BQ9: 107.35552 | BR9: 117.62198 | BS9: 339.13783 | BT9: 337.41437 | BU9: 362.80233 | BV9: 219.0867 | BW9: 152.00118 | BX9: 371.42536 | BY9: 328.96581 | BZ9: 149.69884 | CA9: 143.48949 | CB9: 128.51267 | CC9: 404.69114 | CD9: 146.82674 | CE9: 153.03415 | CF9: 124.73531 | CG9: 184.89987 | CH9: 138.72401 | CI9: 254.80876 | CJ9: 182.74802 | CK9: 1888.0669 | CL9: 377.58047 | CM9: 133.69273 | CN9: 407.79086 | CO9: 168.50944 | CP9: 365.29184 | CQ9: 43.719332 | CR9: 540.91603 | CS9: 540.19233 | CT9: 44.728253 | CU9: 496.09058 | CV9: 407.17633 | CW9: 66.602315 | CX9: 148.75683
A10: 8 | B10: 101.23314 | C10: 553.9765 | D10: 83.288789 | E10: 94.78527 | F10: 36.231298 | G10: 100.41705 | H10: 131.16589 | I10: 112.26461 | J10: 58.611841 | K10: 278.82293 | L10: 65.761286 | M10: 126.2487 | N10: 49.831153 | O10: 162.53326 | P10: 471.60451 | Q10: 181.66761 | R10: 56.741708 | S10: 156.02619 | T10: 32.438065 | U10: 93.04411 | V10: 70.13195 | W10: 365.15808 | X10: 147.07263 | Y10: 61.850845 | Z10: 1463.5359 | AA10: 7.9251276 | AB10: 191.93752 | AC10: 184.90138 | AD10: 141.52369 | AE10: 110.17117 | AF10: 148.66925 | AG10: 239.8503 | AH10: 237.55086 | AI10: 117.40057 | AJ10: 762.4263 | AK10: 200.10089 | AL10: 55.232491 | AM10: 86.715483 | AN10: 140.61535 | AO10: 115.2729 | AP10: 289.26038 | AQ10: 428.18773 | AR10: 51.336534 | AS10: 148.9432 | AT10: 536.05553 | AU10: 181.78704 | AV10: 48.824319 | AW10: 149.24308 | AX10: 275.62981 | AY10: 160.68143 | AZ10: 113.12789 | BA10: 166.79797 | BB10: 774.47278 | BC10: 19.720133 | BD10: 253.00898 | BE10: 158.3011 | BF10: 215.67214 | BG10: 89.054161 | BH10: 276.7874 | BI10: 135.86323 | BJ10: 135.80863 | BK10: 256.9677 | BL10: 65.424304 | BM10: 590.09051 | BN10: 305.79948 | BO10: 202.9121 | BP10: 76.847458 | BQ10: 219.59356 | BR10: 102.46805 | BS10: 270.36239 | BT10: 268.63894 | BU10: 294.0269 | BV10: 303.50795 | BW10: 204.18859 | BX10: 440.99912 | BY10: 260.19038 | BZ10: 219.2726 | CA10: 100.98614 | CB10: 113.35873 | CC10: 491.27133 | CD10: 231.24799 | CE10: 64.480914 | CF10: 84.909122 | CG10: 269.32112 | CH10: 208.29777 | CI10: 324.38252 | CJ10: 201.70381 | CK10: 1819.2914 | CL10: 464.16066 | CM10: 64.917298 | CN10: 494.37105 | CO10: 252.93069 | CP10: 451.87203 | CQ10: 114.79715 | CR10: 625.33728 | CS10: 609.7661 | CT10: 137.94886 | CU10: 580.51183 | CV10: 493.75652 | CW10: 159.82292 | CX10: 233.17808
A11: 9 | B11: 97.783097 | C11: 550.76419 | D11: 79.838751 | E11: 91.572956 | F11: 37.788213 | G11: 153.109 | H11: 127.95357 | I11: 109.0523 | J11: 96.953036 | K11: 331.51487 | L11: 62.311248 | M11: 123.03639 | N11: 40.337139 | O11: 159.32094 | P11: 468.39219 | Q11: 178.4553 | R11: 92.51143 | S11: 152.81387 | T11: 74.761373 | U11: 40.680476 | V11: 66.919636 | W11: 361.94577 | X11: 143.86032 | Y11: 102.47774 | Z11: 1516.2278 | AA11: 64.515151 | AB11: 244.62947 | AC11: 181.68907 | AD11: 138.31137 | AE11: 64.663521 | AF11: 145.45694 | AG11: 236.63799 | AH11: 234.33855 | AI11: 114.18826 | AJ11: 815.11824 | AK11: 252.79283 | AL11: 83.847433 | AM11: 83.503168 | AN11: 137.40303 | AO11: 39.836502 | AP11: 286.04807 | AQ11: 424.97541 | AR11: 34.195648 | AS11: 145.73089 | AT11: 532.84322 | AU11: 178.57472 | AV11: 101.51626 | AW11: 146.03076 | AX11: 272.41749 | AY11: 157.46912 | AZ11: 165.81984 | BA11: 163.58566 | BB11: 771.26047 | BC11: 72.412077 | BD11: 305.70092 | BE11: 155.08879 | BF11: 212.45983 | BG11: 141.74611 | BH11: 329.47934 | BI11: 69.91225 | BJ11: 132.59631 | BK11: 309.65965 | BL11: 20.57684 | BM11: 586.8782 | BN11: 302.58717 | BO11: 199.69979 | BP11: 20.917833 | BQ11: 216.38124 | BR11: 43.416124 | BS11: 323.05434 | BT11: 321.33089 | BU11: 346.71884 | BV11: 300.29564 | BW11: 242.00948 | BX11: 437.78681 | BY11: 312.88232 | BZ11: 216.06029 | CA11: 46.655548 | CB11: 67.851089 | CC11: 488.05901 | CD11: 228.03568 | CE11: 102.3888 | CF11: 30.578531 | CG11: 266.1088 | CH11: 205.08546 | CI11: 321.17021 | CJ11: 231.17342 | CK11: 1871.9834 | CL11: 460.94834 | CM11: 117.60924 | CN11: 491.15874 | CO11: 249.71837 | CP11: 448.65971 | CQ11: 111.58484 | CR11: 622.12496 | CS11: 606.55378 | CT11: 134.73655 | CU11: 577.29952 | CV11: 490.5442 | CW11: 156.61061 | CX11: 229.96576
A12: 10 | B12: 63.85778 | C12: 431.82115 | D12: 46.000734 | E12: 30.789581 | F12: 90.441323 | G12: 195.89553 | H12: 58.554836 | I12: 39.653561 | J12: 109.65949 | K12: 374.3014 | L12: 65.772768 | M12: 44.6794 | N12: 82.727809 | O12: 106.92863 | P12: 366.23221 | Q12: 76.295315 | R12: 62.793022 | S12: 97.353518 | T12: 98.857556 | U12: 134.90109 | V12: 59.271814 | W12: 309.55346 | X12: 90.655629 | Y12: 115.1842 | Z12: 1362.303 | AA12: 125.33253 | AB12: 287.416 | AC12: 126.34904 | AD12: 82.508834 | AE12: 152.02814 | AF12: 43.01627 | AG12: 167.23925 | AH12: 131.77395 | AI12: 8.6767037 | AJ12: 666.41442 | AK12: 295.57937 | AL12: 177.53882 | AM12: 40.268602 | AN12: 43.774354 | AO12: 157.12988 | AP12: 233.65576 | AQ12: 322.81543 | AR12: 140.17047 | AS12: 51.485177 | AT12: 480.45091 | AU12: 76.010124 | AV12: 142.53685 | AW12: 43.870781 | AX12: 220.02518 | AY12: 26.717832 | AZ12: 208.60637 | BA12: 61.425678 | BB12: 669.10048 | BC12: 133.22946 | BD12: 348.48745 | BE12: 49.69077 | BF12: 110.29985 | BG12: 154.58328 | BH12: 372.26587 | BI12: 177.7202 | BJ12: 26.265653 | BK12: 352.44618 | BL12: 107.28128 | BM12: 467.93516 | BN12: 250.19486 | BO12: 86.615371 | BP12: 118.70443 | BQ12: 81.93374 | BR12: 144.32503 | BS12: 365.84087 | BT12: 364.11742 | BU12: 389.50538 | BV12: 198.13566 | BW12: 135.26825 | BX12: 385.3945 | BY12: 355.66886 | BZ12: 163.66797 | CA12: 170.19254 | CB12: 155.21571 | CC12: 418.66028 | CD12: 125.8757 | CE12: 179.73719 | CF12: 151.43836 | CG12: 163.94882 | CH12: 152.69315 | CI12: 268.7779 | CJ12: 171.90211 | CK12: 1914.7699 | CL12: 391.54961 | CM12: 160.39578 | CN12: 421.76 | CO12: 147.55839 | CP12: 379.26098 | CQ12: 30.521653 | CR12: 519.96498 | CS12: 554.16147 | CT12: 28.915872 | CU12: 475.13953 | CV12: 421.14547 | CW12: 49.858388 | CX12: 127.80578
A13: 11 | B13: 98.031659 | C13: 480.28401 | D13: 74.323241 | E13: 68.787652 | F13: 40.871172 | G13: 102.98658 | H13: 107.01769 | I13: 88.116414 | J13: 28.454413 | K13: 281.39245 | L13: 62.769828 | M13: 102.1005 | N13: 46.839695 | O13: 155.39148 | P13: 447.45631 | Q13: 157.51941 | R13: 27.986185 | S13: 145.81637 | T13: 4.6155613 | U13: 99.012971 | V13: 44.648497 | W13: 358.01631 | X13: 128.88026 | Y13: 33.979123 | Z13: 1466.1054 | AA13: 30.167477 | AB13: 194.50705 | AC13: 174.81189 | AD13: 130.97169 | AE13: 116.14003 | AF13: 124.52105 | AG13: 215.70211 | AH13: 213.40267 | AI13: 93.071236 | AJ13: 764.99583 | AK13: 202.67042 | AL13: 79.00186 | AM13: 56.561324 | AN13: 116.46715 | AO13: 121.24177 | AP13: 282.11861 | AQ13: 404.03953 | AR13: 72.41915 | AS13: 124.79501 | AT13: 528.91376 | AU13: 157.63884 | AV13: 49.627902 | AW13: 125.09488 | AX13: 268.48804 | AY13: 136.53323 | AZ13: 115.69742 | BA13: 142.64978 | BB13: 750.32458 | BC13: 26.728367 | BD13: 255.5785 | BE13: 134.15291 | BF13: 191.52395 | BG13: 73.378206 | BH13: 279.35693 | BI13: 141.83209 | BJ13: 83.604003 | BK13: 259.53723 | BL13: 71.393166 | BM13: 516.39801 | BN13: 298.65771 | BO13: 151.47392 | BP13: 82.816319 | BQ13: 195.44536 | BR13: 108.43691 | BS13: 272.93192 | BT13: 271.20847 | BU13: 296.59643 | BV13: 279.35975 | BW13: 164.60856 | BX13: 433.85735 | BY13: 262.75991 | BZ13: 212.13083 | CA13: 134.30442 | CB13: 119.3276 | CC13: 467.12313 | CD13: 207.0998 | CE13: 86.828243 | CF13: 115.55024 | CG13: 245.17292 | CH13: 201.156 | CI13: 317.24075 | CJ13: 171.54638 | CK13: 1821.861 | CL13: 440.01246 | CM13: 67.486826 | CN13: 470.22285 | CO13: 228.78249 | CP13: 427.72383 | CQ13: 66.56027 | CR13: 601.18908 | CS13: 602.62432 | CT13: 86.626982 | CU13: 556.36363 | CV13: 469.60832 | CW13: 98.662251 | CX13: 209.02988
... A78: 76 | B78: 360.31902 | C78: 745.77121 | D78: 339.81045 | E78: 334.27486 | F78: 295.31718 | G78: 181.89896 | H78: 372.50489 | I78: 353.60362 | J78: 277.75767 | K78: 8.981891 | L78: 324.84717 | M78: 367.58771 | N78: 308.91704 | O78: 420.87869 | P78: 712.94351 | Q78: 423.00662 | R78: 287.75477 | S78: 411.30358 | T78: 267.48489 | U78: 352.12999 | V78: 310.1357 | W78: 623.50351 | X78: 394.36747 | Y78: 283.28237 | Z78: 1276.3444 | AA78: 262.19327 | AB78: 83.867079 | AC78: 440.2991 | AD78: 396.45889 | AE78: 369.25705 | AF78: 390.00826 | AG78: 481.18931 | AH78: 478.88987 | AI78: 358.55844 | AJ78: 575.23479 | AK78: 120.5205 | AL78: 246.27214 | AM78: 322.04853 | AN78: 381.95435 | AO78: 374.35879 | AP78: 547.60581 | AQ78: 669.52673 | AR78: 310.2698 | AS78: 390.28221 | AT78: 794.40096 | AU78: 423.12605 | AV78: 223.94971 | AW78: 390.58208 | AX78: 533.97524 | AY78: 402.02044 | AZ78: 177.2164 | BA78: 408.13698 | BB78: 1015.8118 | BC78: 254.17294 | BD78: 28.866371 | BE78: 399.64011 | BF78: 457.01115 | BG78: 244.36738 | BH78: 12.183565 | BI78: 394.94911 | BJ78: 345.68707 | BK78: 42.419937 | BL78: 324.51019 | BM78: 781.88522 | BN78: 564.14491 | BO78: 413.55699 | BP78: 335.93334 | BQ78: 460.93257 | BR78: 361.55394 | BS78: 34.971251 | BT78: 12.964352 | BU78: 29.423067 | BV78: 544.84696 | BW78: 390.74803 | BX78: 699.34456 | BY78: 22.613332 | BZ78: 477.61803 | CA78: 387.42145 | CB78: 372.44462 | CC78: 732.61034 | CD78: 472.587 | CE78: 216.30724 | CF78: 368.66727 | CG78: 510.66012 | CH78: 466.6432 | CI78: 582.72795 | CJ78: 329.38252 | CK78: 1708.4315 | CL78: 705.49967 | CM78: 207.63937 | CN78: 735.71006 | CO78: 494.2697 | CP78: 693.21104 | CQ78: 318.93781 | CR78: 776.21536 | CS78: 868.11153 | CT78: 348.71005 | CU78: 821.85084 | CV78: 735.09553 | CW78: 360.74532 | CX78: 474.51709

Sheet distanceMatrixRtoM
B1: 178 | C1: 179 | D1: 180 | E1: 181 | F1: 182 | G1: 183 | H1: 184 | I1: 185 | J1: 186 | K1: 187 | L1: 188 | M1: 189 | N1: 190 | O1: 191 | P1: 192 | Q1: 193 | R1: 194 | S1: 195
A2: 77 | B2: 45.952382 | C2: 364.49378 | D2: 36.404627 | E2: 198.95762 | F2: 368.04598 | G2: 111.01715 | H2: 36.11381 | I2: 40.131808 | J2: 59.126593 | K2: 119.90095 | L2: 156.69222 | M2: 90.499763 | N2: 87.849308 | O2: 34.982862 | P2: 102.68778 | Q2: 137.56016 | R2: 127.49794 | S2: 147.65052
A3: 78 | B3: 413.08413 | C3: 749.70555 | D3: 486.57715 | E3: 584.16939 | F3: 753.25776 | G3: 563.43732 | H3: 486.28633 | I3: 412.9396 | J3: 395.96523 | K3: 572.57865 | L3: 541.90399 | M3: 458.92378 | N3: 456.27332 | O3: 387.03434 | P3: 483.46437 | Q3: 521.00598 | R3: 508.27453 | S3: 600.07069
A4: 79 | B4: 25.742423 | C4: 345.10982 | D4: 18.721592 | E4: 179.57366 | F4: 348.66203 | G4: 93.334117 | H4: 18.430776 | I4: 16.047544 | J4: 77.014916 | K4: 102.21791 | L4: 137.30826 | M4: 74.088197 | N4: 72.811079 | O4: 58.741791 | P4: 78.868638 | Q4: 116.41025 | R4: 103.6788 | S4: 129.96749
A5: 80 | B5: 10.485961 | C5: 338.52603 | D5: 37.630738 | E5: 172.98987 | F5: 342.07824 | G5: 108.06592 | H5: 37.339921 | I5: 6.2448627 | J5: 96.735657 | K5: 117.20725 | L5: 130.72447 | M5: 69.338194 | N5: 68.061075 | O5: 54.904259 | P5: 72.284848 | Q5: 109.82646 | R5: 97.095006 | S5: 144.69929
A6: 81 | B6: 70.305755 | C6: 300.38771 | D6: 33.243817 | E6: 134.85155 | F6: 303.93992 | G6: 46.911086 | H6: 35.516599 | I6: 60.610875 | J6: 128.1301 | K6: 63.562636 | L6: 92.586156 | M6: 142.0491 | N6: 120.36185 | O6: 103.30512 | P6: 58.040361 | Q6: 73.45409 | R6: 82.850519 | S6: 83.544457
A7: 82 | B7: 176.77497 | C7: 186.0694 | D7: 157.4599 | E7: 20.533241 | F7: 189.62161 | G7: 84.213664 | H7: 159.73269 | I7: 166.89895 | J7: 251.60573 | K7: 192.23117 | L7: 37.878637 | M7: 248.51832 | N7: 226.83106 | O7: 209.77433 | P7: 101.64601 | Q7: 60.406651 | R7: 127.97387 | S7: 99.867886
A8: 83 | B8: 40.141437 | C8: 376.76285 | D8: 70.793168 | E8: 211.2267 | F8: 380.31506 | G8: 141.22835 | H8: 70.502351 | I8: 39.996911 | J8: 51.385041 | K8: 150.36968 | L8: 168.9613 | M8: 85.981085 | N8: 83.33063 | O8: 11.460178 | P8: 110.52168 | Q8: 148.06329 | R8: 135.33183 | S8: 177.86172
A9: 84 | B9: 21.402432 | C9: 358.02385 | D9: 52.054162 | E9: 192.48769 | F9: 361.57606 | G9: 122.48935 | H9: 51.763346 | I9: 21.257906 | J9: 68.973077 | K9: 131.63067 | L9: 150.2223 | M9: 65.377375 | N9: 62.72692 | O9: 27.141679 | P9: 91.782671 | Q9: 129.32428 | R9: 116.59283 | S9: 159.12272
A10: 85 | B10: 90.571252 | C10: 282.16541 | D10: 82.888823 | E10: 116.62925 | F10: 285.71762 | G10: 44.998589 | H10: 82.598007 | I10: 80.695232 | J10: 165.40202 | K10: 130.94792 | L10: 74.363853 | M10: 162.3146 | N10: 140.62735 | O10: 123.57062 | P10: 14.042888 | Q10: 53.465842 | R10: 20.195672 | S10: 78.208934
A11: 86 | B11: 354.15848 | C11: 6.2762372 | D11: 334.84342 | E11: 177.95578 | F11: 5.9322875 | G11: 261.59718 | H11: 337.1162 | I11: 344.28246 | J11: 428.98925 | K11: 369.61468 | L11: 215.26215 | M11: 425.90183 | N11: 404.21458 | O11: 387.15785 | P11: 279.02953 | Q11: 237.79017 | R11: 305.35738 | S11: 277.2514
A12: 87 | B12: 45.273764 | C12: 330.1009 | D12: 4.3115263 | E12: 164.56475 | F12: 333.65311 | G12: 76.624276 | H12: 6.5843083 | I12: 35.578884 | J12: 103.09811 | K12: 85.508073 | L12: 122.29935 | M12: 117.01711 | N12: 95.329858 | O12: 78.273131 | P12: 79.656257 | Q12: 103.16728 | R12: 104.46642 | S12: 113.25765
A13: 88 | B13: 35.388205 | C13: 372.00962 | D13: 66.039936 | E13: 206.47347 | F13: 375.56183 | G13: 136.47512 | H13: 65.749119 | I13: 35.24368 | J13: 62.585181 | K13: 145.61645 | L13: 164.20807 | M13: 66.084827 | N13: 63.434372 | O13: 8.4290754 | P13: 105.76844 | Q13: 143.31006 | R13: 130.5786 | S13: 173.10849
... A102: 177 | B102: 141.35118 | C102: 477.97259 | D102: 172.00291 | E102: 312.43644 | F102: 481.5248 | G102: 242.43809 | H102: 171.71209 | I102: 141.20665 | J102: 191.16949 | K102: 251.57942 | L102: 270.17104 | M102: 92.161596 | N102: 92.87528 | O102: 129.75434 | P102: 211.73142 | Q102: 249.27303 | R102: 236.54157 | S102: 279.07146

Sheet Population
A1: nodeNum | B1: lat | C1: lon
A2: 77 | B2: 43.653482 | C2: -79.383935
A3: 78 | B3: 45.420878 | C3: -75.690111
A4: 79 | B4: 43.60221 | C4: -79.591498
A5: 80 | B5: 43.685832 | C5: -79.759937
A6: 81 | B6: 43.25608 | C6: -79.872858
A7: 82 | B7: 42.983241 | C7: -81.243372
A8: 83 | B8: 43.856371 | C8: -79.337682
A9: 84 | B9: 43.794154 | C9: -79.526802
A10: 85 | B10: 43.451291 | C10: -80.492782
A11: 86 | B11: 42.31674 | C11: -83.037339
A12: 87 | B12: 43.447436 | C12: -79.666672
A13: 88 | B13: 43.880117 | C13: -79.439292
... A102: 177 | B102: 44.768803 | C102: -79.933949

Sheet Sheet8
A1: NORMINV(RAND(),E2,SQRT(0.1*E2)) | E1: 1348700.9
E2: 798243.92
E3: 1288207.4
E4: 3570574.3
E5: 1937290.8
E6: 2018588.2
E7: 2848347.9
E8: 9767591.2
E9: 2114196
E10: 90646.302
E11: 10795264
E12: 2724868.3
E13: 2868343.8
... E77: 1271944.6

Sheet emissionsCtoR
B1: 77 | C1: 78 | D1: 79 | E1: 80 | F1: 81 | G1: 82 | H1: 83 | I1: 84 | J1: 85 | K1: 86 | L1: 87 | M1: 88 | N1: 89 | O1: 90 | P1: 91 | Q1: 92 | R1: 93 | S1: 94 | T1: 95 | U1: 96 | V1: 97 | W1: 98 | X1: 99 | Y1: 100 | Z1: 101 | AA1: 102 | AB1: 103 | AC1: 104 | AD1: 105 | AE1: 106 | AF1: 107 | AG1: 108 | AH1: 109 | AI1: 110 | AJ1: 111 | AK1: 112 | AL1: 113 | AM1: 114 | AN1: 115 | AO1: 116 | AP1: 117 | AQ1: 118 | AR1: 119 | AS1: 120 | AT1: 121 | AU1: 122 | AV1: 123 | AW1: 124 | AX1: 125 | AY1: 126 | AZ1: 127 | BA1: 128 | BB1: 129 | BC1: 130 | BD1: 131 | BE1: 132 | BF1: 133 | BG1: 134 | BH1: 135 | BI1: 136 | BJ1: 137 | BK1: 138 | BL1: 139 | BM1: 140 | BN1: 141 | BO1: 142 | BP1: 143 | BQ1: 144 | BR1: 145 | BS1: 146 | BT1: 147 | BU1: 148 | BV1: 149 | BW1: 150 | BX1: 151 | BY1: 152 | BZ1: 153 | CA1: 154 | CB1: 155 | CC1: 156 | CD1: 157 | CE1: 158 | CF1: 159 | CG1: 160 | CH1: 161 | CI1: 162 | CJ1: 163 | CK1: 164 | CL1: 165 | CM1: 166 | CN1: 167 | CO1: 168 | CP1: 169 | CQ1: 170 | CR1: 171 | CS1: 172 | CT1: 173 | CU1: 174 | CV1: 175 | CW1: 176 | CX1: 177
A2: 0 | B2: 216012.24 | C2: 1437236.4 | D2: 157870.97 | E2: 107945.42 | F2: 174878.26 | G2: 433377.9 | H2: 248317.31 | I2: 183006.01 | J2: 142834.81 | K2: 994605.11 | L2: 145745.25 | M2: 221864.33 | N2: 148044.54 | O2: 379002.09 | P2: 1299215.1 | Q2: 345532.94 | R2: 59459.319 | S2: 354217.4 | T2: 130881.16 | U2: 315098.52 | V2: 69743.335 | W2: 1043217.8 | X2: 330700.18 | Y2: 147961.67 | Z2: 4625555 | AA2: 232511.33 | AB2: 728914.95 | AC2: 443134.44 | AD2: 312427.78 | AE2: 370081.47 | AF2: 258960.27 | AG2: 562748.83 | AH2: 541691.45 | AI2: 124272.47 | AJ2: 2022036.7 | AK2: 736537.49 | AL2: 367083.04 | AM2: 43197.23 | AN2: 236360.05 | AO2: 371191.63 | AP2: 809400.57 | AQ2: 1155898.7 | AR2: 326527.28 | AS2: 263163.35 | AT2: 1593293 | AU2: 360498 | AV2: 281715.46 | AW2: 257166.64 | AX2: 769466 | AY2: 229580.48 | AZ2: 481122.9 | BA2: 312892.69 | BB2: 2359422.5 | BC2: 218669.57 | BD2: 902286.11 | BE2: 282281.73 | BF2: 461685.33 | BG2: 291790.19 | BH2: 992249.24 | BI2: 449654.69 | BJ2: 134029.43 | BK2: 923432.27 | BL2: 229109.29 | BM2: 1562874.8 | BN2: 848012.16 | BO2: 359040.99 | BP2: 260247.67 | BQ2: 364714.88 | BR2: 336140.64 | BS2: 963657.39 | BT2: 958362.25 | BU2: 1035105.3 | BV2: 745741.8 | BW2: 462245.9 | BX2: 1284889.4 | BY2: 940290.08 | BZ2: 592211.73 | CA2: 401151.05 | CB2: 367065.66 | CC2: 1381085.1 | CD2: 483923.75 | CE2: 388742.53 | CF2: 346267.54 | CG2: 640972.46 | CH2: 557777.89 | CI2: 933975.19 | CJ2: 484681.91 | CK2: 2865345.1 | CL2: 1303717.5 | CM2: 333591.88 | CN2: 1371355.8 | CO2: 583295.41 | CP2: 1280299.6 | CQ2: 67066.393 | CR2: 1496739 | CS2: 1739743.8 | CT2: 144693.23 | CU2: 1687190.5 | CV2: 1399743.2 | CW2: 192000.49 | CX2: 489557.44
A3: 1 | B3: 1206410.3 | C3: 205914.27 | D3: 1283801.4 | E3: 1270731.8 | F3: 1439197.3 | G3: 1754226.6 | H3: 1142548.4 | I3: 1196670.5 | J3: 1499575.2 | K3: 2315453.8 | L3: 1347757.2 | M3: 1168696.8 | N3: 1414241 | O3: 1026571.4 | P3: 1426590.3 | Q3: 1124089 | R3: 1443508.5 | S3: 1057202.1 | T3: 1467296.4 | U3: 1579646.8 | V3: 1336005.9 | W3: 509247.57 | X3: 1083319.8 | Y3: 1509731.3 | Z3: 4770059.2 | AA3: 1543031.8 | AB3: 2049763.6 | AC3: 967629.48 | AD3: 1098543.8 | AE3: 1634400.5 | AF3: 1155345.3 | AG3: 804985.91 | AH3: 904547.87 | AI3: 1324607 | AJ3: 2513861.7 | AK3: 2057386.2 | AL3: 1684958.8 | AM3: 1351198 | AN3: 1142296.1 | AO3: 1636069.6 | AP3: 681096.72 | AQ3: 985775.81 | AR3: 1594753.8 | AS3: 1110924 | AT3: 529972.46 | AU3: 1074254.6 | AV3: 1602564.2 | AW3: 1196348.5 | AX3: 707301.59 | AY3: 1239621.1 | AZ3: 1801971.6 | BA3: 1180100 | BB3: 1832520.9 | BC3: 1539175.9 | BD3: 2223811.4 | BE3: 1153901.7 | BF3: 1009120.4 | BG3: 1630767 | BH3: 2313097.9 | BI3: 1713973.8 | BJ3: 1346122 | BK3: 2244281 | BL3: 1493428.4 | BM3: 335036.16 | BN3: 714499.74 | BO3: 1260428.5 | BP3: 1524566.7 | BQ3: 1203713.9 | BR3: 1600997.2 | BS3: 2284506.1 | BT3: 2279211 | BU3: 2355954 | BV3: 923963.06 | BW3: 1452820.1 | BX3: 378493.82 | BY3: 2261138.8 | BZ3: 883270.35 | CA3: 1665492 | CB3: 1631364.7 | CC3: 325744.63 | CD3: 1174032.1 | CE3: 1709591.2 | CF3: 1610586.6 | CG3: 980480.61 | CH3: 909301.35 | CI3: 589713.63 | CJ3: 1594400.5 | CK3: 6513913 | CL3: 93879.295 | CM3: 1654440.6 | CN3: 275443.9 | CO3: 999060.44 | CP3: 129433.53 | CQ3: 1390013 | CR3: 1988564 | CS3: 511905.22 | CT3: 1338427 | CU3: 1518821.7 | CV3: 7950.4972 | CW3: 1335625.5 | CX3: 1193875.4
A4: 2 | B4: 356495.96 | C4: 1549571.1 | D4: 298354.69 | E4: 240414.3 | F4: 287668.8 | G4: 421970.18 | H4: 357425.92 | I4: 302952.41 | J4: 160145.47 | K4: 661909.66 | L4: 287666.93 | M4: 328723.95 | N4: 274818.41 | O4: 502926.53 | P4: 1279823.1 | Q4: 359378.42 | R4: 129110.67 | S4: 477831.04 | T4: 204964.44 | U4: 449920.21 | V4: 231881.8 | W4: 1155552.6 | X4: 461948.25 | Y4: 148637.79 | Z4: 4461606.4 | AA4: 284967.41 | AB4: 730601.29 | AC4: 572015.05 | AD4: 441356.9 | AE4: 504903.16 | AF4: 294676.99 | AG4: 650474.22 | AH4: 575600.05 | AI4: 186808.74 | AJ4: 1858088 | AK4: 641458.69 | AL4: 413052.9 | AM4: 201825.49 | AN4: 304405.17 | AO4: 506013.31 | AP4: 921735.35 | AQ4: 1165392.8 | AR4: 424726.48 | AS4: 343487.63 | AT4: 1720836.5 | AU4: 392560.78 | AV4: 283535.14 | AW4: 276997.91 | AX4: 881800.78 | AY4: 228010.82 | AZ4: 488013.46 | BA4: 326674.74 | BB4: 2146933.3 | BC4: 272956.75 | BD4: 895634.2 | BE4: 314344.51 | BF4: 471179.46 | BG4: 222425.3 | BH4: 994840.35 | BI4: 584476.38 | BJ4: 116924.5 | BK4: 923675.48 | BL4: 363930.98 | BM4: 1675209.6 | BN4: 960346.93 | BO4: 306733.41 | BP4: 395069.36 | BQ4: 340490.7 | BR4: 470962.32 | BS4: 963900.6 | BT4: 941563.66 | BU4: 1037696.4 | BV4: 755235.92 | BW4: 298116.89 | BX4: 1397224.2 | BY4: 942895.38 | BZ4: 704546.51 | CA4: 535972.73 | CB4: 501882.47 | CC4: 1413177.2 | CD4: 459699.57 | CE4: 395449.88 | CF4: 481089.23 | CG4: 652167.7 | CH4: 670112.67 | CI4: 1046310 | CJ4: 326073.54 | CK4: 2701396.5 | CL4: 1416052.3 | CM4: 334500.59 | CN4: 1403447.8 | CO4: 592789.53 | CP4: 1392634.3 | CQ4: 142802.75 | CR4: 1332790.3 | CS4: 1852078.6 | CT4: 126086.7 | CU4: 1696684.6 | CV4: 1471689.5 | CW4: 155652.93 | CX4: 465417.19
A5: 3 | B5: 131340.64 | C5: 1173205.4 | D5: 177428.77 | E5: 162336.07 | F5: 331451.78 | G5: 646481.05 | H5: 61048.498 | I5: 86467.887 | J5: 380058.83 | K5: 1207708.3 | L5: 242569.34 | M5: 38806.309 | N5: 305198.61 | O5: 191701.11 | P5: 1150122.9 | Q5: 187602.53 | R5: 289638.57 | S5: 174386.71 | T5: 359550.87 | U5: 472228.97 | V5: 228260.34 | W5: 839486.06 | X5: 158825.69 | Y5: 387908.21 | Z5: 4814614.8 | AA5: 435286.26 | AB5: 942018.1 | AC5: 260789.63 | AD5: 138674.05 | AE5: 527223.07 | AF5: 36756.913 | AG5: 330440.46 | AH5: 309571.49 | AI5: 158588.8 | AJ5: 2211096.4 | AK5: 949640.64 | AL5: 577213.21 | AM5: 211658.99 | AN5: 21770.516 | AO5: 532223.92 | AP5: 602594.2 | AQ5: 1001090.8 | AR5: 483100.8 | AS5: 30854.977 | AT5: 1401695.3 | AU5: 131011.95 | AV5: 494818.6 | AW5: 91104.245 | AX5: 562659.63 | AY5: 139743.3 | AZ5: 694226.05 | BA5: 143925.04 | BB5: 2212932.1 | BC5: 431430.3 | BD5: 1115389.3 | BE5: 51476.13 | BF5: 303418.57 | BG5: 523021.41 | BH5: 1205352.4 | BI5: 606228.21 | BJ5: 200973.08 | BK5: 1136535.4 | BL5: 386845.89 | BM5: 1298843.8 | BN5: 641205.79 | BO5: 363391.82 | BP5: 416821.19 | BQ5: 319881.55 | BR5: 492714.16 | BS5: 1176760.5 | BT5: 1171465.4 | BU5: 1248208.5 | BV5: 590933.87 | BW5: 545047.38 | BX5: 1078083.1 | BY5: 1153393.2 | BZ5: 385405.36 | CA5: 557724.57 | CB5: 523634.31 | CC5: 1140990.3 | CD5: 356978.65 | CE5: 601845.68 | CF5: 507195.73 | CG5: 482518.95 | CH5: 350971.52 | CI5: 727168.82 | CJ5: 644540.64 | CK5: 3054404.8 | CL5: 1039686.5 | CM5: 546695.03 | CN5: 1119383.1 | CO5: 428487.48 | CP5: 1016268.6 | CQ5: 219986.45 | CR5: 1685798.7 | CS5: 1475712.9 | CT5: 207145.04 | CU5: 1532382.6 | CV5: 1135712.2 | CW5: 274767.39 | CX5: 363227.4
A6: 4 | B6: 357854.96 | C6: 1138351.3 | D6: 413882.49 | E6: 399403.32 | F6: 567868.89 | G6: 882898.16 | H6: 267855.84 | I6: 322750.09 | J6: 592995.67 | K6: 1444125.4 | L6: 479023.06 | M6: 275361.64 | N6: 536477.87 | O6: 221642.94 | P6: 990184.1 | Q6: 222665.54 | R6: 522821.25 | S6: 213940.68 | T6: 595967.98 | U6: 708646.09 | V6: 464677.45 | W6: 829946.9 | X6: 240202.27 | Y6: 600845.05 | Z6: 4652074.2 | AA6: 671703.38 | AB6: 1178435.2 | AC6: 287058.86 | AD6: 252909.61 | AE6: 763072.11 | AF6: 210042.63 | AG6: 275162.76 | AH6: 91825.167 | AI6: 380911.2 | AJ6: 2048555.8 | AK6: 1139208.4 | AL6: 813630.32 | AM6: 447553.11 | AN6: 233168.23 | AO6: 764182.26 | AP6: 598446.8 | AQ6: 760060.51 | AR6: 719517.92 | AS6: 207525.07 | AT6: 1406880.5 | AU6: 107545.17 | AV6: 731235.72 | AW6: 229639 | AX6: 560693.3 | AY6: 272911.62 | AZ6: 930643.17 | BA6: 278676.49 | BB6: 2090706.2 | BC6: 667847.42 | BD6: 1351806.4 | BE6: 187192.21 | BF6: 107696.91 | BG6: 720776.58 | BH6: 1441769.5 | BI6: 842645.33 | BJ6: 377719.15 | BK6: 1372952.5 | BL6: 623263 | BM6: 1263989.7 | BN6: 650375.87 | BO6: 359004.97 | BP6: 653238.31 | BQ6: 302290.38 | BR6: 729131.27 | BS6: 1413177.7 | BT6: 1407882.5 | BU6: 1484625.6 | BV6: 351657.11 | BW6: 551396.63 | BX6: 1081239.1 | BY6: 1389810.3 | BZ6: 394575.45 | CA6: 794141.68 | CB6: 760051.42 | CC6: 897317.68 | CD6: 272608.6 | CE6: 838262.8 | CF6: 743612.84 | CG6: 241715.88 | CH6: 360148.29 | CI6: 727245.26 | CJ6: 692977.03 | CK6: 2891864.3 | CL6: 1004832.5 | CM6: 783112.14 | CN6: 887588.34 | CO6: 189210.72 | CP6: 981414.53 | CQ6: 421884.71 | CR6: 1523258.1 | CS6: 1440858.8 | CT6: 371717.55 | CU6: 1293105.8 | CV6: 955830.04 | CW6: 434201.98 | CX6: 290723.08
A7: 5 | B7: 351139.17 | C7: 1102080 | D7: 425703.66 | E7: 411224.49 | F7: 579690.07 | G7: 894719.34 | H7: 279677.01 | I7: 334571.26 | J7: 609035.42 | K7: 1455946.5 | L7: 490781.19 | M7: 287182.81 | N7: 547010.71 | O7: 197132.47 | P7: 1028532.3 | Q7: 263157.02 | R7: 538879.05 | S7: 202618.78 | T7: 607789.15 | U7: 719910.33 | V7: 476498.62 | W7: 793675.59 | X7: 228880.37 | Y7: 616902.85 | Z7: 4692565.7 | AA7: 683524.55 | AB7: 1190256.4 | AC7: 258842.76 | AD7: 244104.41 | AE7: 774893.01 | AF7: 226100.43 | AG7: 238891.45 | AH7: 71704.767 | AI7: 408128.26 | AJ7: 2089047.3 | AK7: 1155266.2 | AL7: 825451.5 | AM7: 461198.45 | AN7: 249226.03 | AO7: 776003.44 | AP7: 562175.5 | AQ7: 800551.43 | AR7: 731339.09 | AS7: 223582.87 | AT7: 1368777.3 | AU7: 121965.94 | AV7: 743056.89 | AW7: 245696.8 | AX7: 524421.99 | AY7: 288969.41 | AZ7: 942464.34 | BA7: 298517.6 | BB7: 2131197.7 | BC7: 679668.59 | BD7: 1363627.5 | BE7: 201612.98 | BF7: 148188.39 | BG7: 736834.37 | BH7: 1453590.7 | BI7: 854466.5 | BJ7: 393776.95 | BK7: 1384773.7 | BL7: 635084.17 | BM7: 1227718.4 | BN7: 614104.57 | BO7: 399374.64 | BP7: 665059.48 | BQ7: 342781.87 | BR7: 740952.44 | BS7: 1424998.8 | BT7: 1419703.7 | BU7: 1496446.8 | BV7: 392148.6 | BW7: 591888.12 | BX7: 1044967.8 | BY7: 1401631.5 | BZ7: 358304.14 | CA7: 805962.85 | CB7: 771872.59 | CC7: 905788.67 | CD7: 313100.08 | CE7: 850083.97 | CF7: 751079.35 | CG7: 282207.36 | CH7: 323876.98 | CI7: 690973.96 | CJ7: 733468.52 | CK7: 2932355.8 | CL7: 968561.15 | CM7: 794933.31 | CN7: 896059.33 | CO7: 229702.21 | CP7: 945143.22 | CQ7: 437667.89 | CR7: 1563749.6 | CS7: 1404587.5 | CT7: 387775.35 | CU7: 1333597.3 | CV7: 964301.03 | CW7: 450457.8 | CX7: 331214.56
A8: 6 | B8: 198465.85 | C8: 1355931.5 | D8: 201420.71 | E8: 175728.07 | F8: 350172.5 | G8: 655512.16 | H8: 167002.53 | I8: 127268.72 | J8: 364498.78 | K8: 1216739.4 | L8: 266561.28 | M8: 128064.54 | N8: 323919.34 | O8: 291162.17 | P8: 1061445.1 | Q8: 108721.55 | R8: 297237.05 | S8: 274370.44 | T8: 372841.83 | U8: 490392.76 | V8: 246981.06 | W8: 961913.02 | X8: 262627.75 | Y8: 362711.92 | Z8: 4723335.2 | AA8: 455963.93 | AB8: 951049.21 | AC8: 360250.69 | AD8: 243696.09 | AE8: 545943.8 | AF8: 69595.953 | AG8: 521621.23 | AH8: 317010.41 | AI8: 155327 | AJ8: 2119816.8 | AK8: 895657.22 | AL8: 589217.3 | AM8: 221968.91 | AN8: 83718.155 | AO8: 546485.87 | AP8: 728095.74 | AQ8: 916374.65 | AR8: 501821.52 | AS8: 121860.12 | AT8: 1527196.9 | AU8: 135216.23 | AV8: 503849.72 | AW8: 22900.818 | AX8: 688161.17 | AY8: 34601.846 | AZ8: 703257.16 | BA8: 70026.694 | BB8: 2121652.5 | BC8: 440803.83 | BD8: 1124420.4 | BE8: 66452.96 | BF8: 223915.35 | BG8: 476540.08 | BH8: 1214383.5 | BI8: 624948.93 | BJ8: 140702.5 | BK8: 1145566.5 | BL8: 404403.53 | BM8: 1481569.9 | BN8: 766707.33 | BO8: 254686.88 | BP8: 435541.91 | BQ8: 218737.06 | BR8: 511434.88 | BS8: 1185791.7 | BT8: 1180496.5 | BU8: 1257239.6 | BV8: 507971.81 | BW8: 437741.78 | BX8: 1203584.6 | BY8: 1162424.3 | BZ8: 510906.9 | CA8: 576445.29 | CB8: 542355.03 | CC8: 1154558.3 | CD8: 268300.8 | CE8: 610876.8 | CF8: 521561.78 | CG8: 398030.58 | CH8: 476473.06 | CI8: 852670.36 | CJ8: 537235.05 | CK8: 2963125.3 | CL8: 1222412.7 | CM8: 555726.14 | CN8: 1144829 | CO8: 345525.42 | CP8: 1198994.7 | CQ8: 196300.51 | CR8: 1594519.1 | CS8: 1658439 | CT8: 131066.79 | CU8: 1449420.5 | CV8: 1213070.7 | CW8: 167461.8 | CX8: 274549.56
A9: 7 | B9: 112861.42 | C9: 1309448.6 | D9: 57414.708 | E9: 7483.1392 | F9: 190154.46 | G9: 502080.35 | H9: 127745.82 | I9: 70452.799 | J9: 247428.9 | K9: 1063307.6 | L9: 114195.1 | M9: 117222.85 | N9: 163901.29 | O9: 262383.79 | P9: 1226840.8 | Q9: 273158.7 | R9: 172494.07 | S9: 237592.95 | T9: 215150.16 | U9: 330374.72 | V9: 82850.293 | W9: 892620.6 | X9: 214075.73 | Y9: 257585.08 | Z9: 4664225.3 | AA9: 291639.15 | AB9: 797617.39 | AC9: 326510 | AD9: 195803.33 | AE9: 385357.67 | AF9: 182790.1 | AG9: 466683.64 | AH9: 464108.5 | AI9: 76445.289 | AJ9: 2060707 | AK9: 805239.93 | AL9: 433092.19 | AM9: 73506.942 | AN9: 160020.6 | AO9: 386467.83 | AP9: 658803.32 | AQ9: 1083524.5 | AR9: 341803.48 | AS9: 184989.22 | AT9: 1464601.3 | AU9: 287613.17 | AV9: 350417.9 | AW9: 184792.39 | AX9: 620742.68 | AY9: 179753.11 | AZ9: 549825.35 | BA9: 240518.44 | BB9: 2296995.7 | BC9: 287029.6 | BD9: 970988.55 | BE9: 206238.7 | BF9: 389311.09 | BG9: 378620.71 | BH9: 1060951.7 | BI9: 464930.89 | BJ9: 129680.16 | BK9: 992134.72 | BL9: 245548.56 | BM9: 1435896.4 | BN9: 697414.9 | BO9: 342562.06 | BP9: 275523.87 | BQ9: 340707.46 | BR9: 351416.83 | BS9: 1032359.8 | BT9: 1027064.7 | BU9: 1103807.8 | BV9: 673367.55 | BW9: 474468.71 | BX9: 1134286 | BY9: 1008992.5 | BZ9: 443420.77 | CA9: 416427.24 | CB9: 382336.98 | CC9: 1277233.4 | CD9: 434823.85 | CE9: 457444.98 | CF9: 361543.74 | CG9: 570299.33 | CH9: 407174.49 | CI9: 783377.93 | CJ9: 571842.04 | CK9: 2904015.4 | CL9: 1175929.7 | CM9: 402294.32 | CN9: 1255626.2 | CO9: 510921.17 | CP9: 1152511.8 | CQ9: 119887.98 | CR9: 1535409.3 | CS9: 1611956 | CT9: 135816.26 | CU9: 1624763.7 | CV9: 1271955.4 | CW9: 204188.72 | CX9: 442456.09
A10: 8 | B10: 300540.43 | C10: 1575647.3 | D10: 248500.16 | E10: 272879.25 | F10: 101298.12 | G10: 306021.06 | H10: 393485.77 | I10: 329242.77 | J10: 164008.37 | K10: 858898.62 | L10: 192191.59 | M10: 383421.64 | N10: 140447.41 | O10: 491008.53 | P10: 1500548.2 | Q10: 546866.06 | R10: 171758.53 | S10: 466223.84 | T10: 98103.045 | U10: 273994.1 | V10: 194543.61 | W10: 1181628.8 | X10: 442706.62 | Y10: 174164.55 | Z10: 4777478.1 | AA10: 23817.597 | AB10: 593208.46 | AC10: 555140.88 | AD10: 425371.98 | AE10: 327137.08 | AF10: 448988.89 | AG10: 729425.85 | AH10: 730307.29 | AI10: 341584.58 | AJ10: 2173959.8 | AK10: 620190.53 | AL10: 161230.66 | AM10: 234201.78 | AN10: 426219.39 | AO10: 287657.45 | AP10: 947811.57 | AQ10: 1357231.8 | AR10: 155065.62 | AS10: 451188.01 | AT10: 1747781.5 | AU10: 553811.96 | AV10: 151486.42 | AW10: 458499.75 | AX10: 907876.99 | AY10: 435164.1 | AZ10: 327223.61 | BA10: 514559.58 | BB10: 2570566.2 | BC10: 61046.66 | BD10: 766579.62 | BE10: 472437.48 | BF10: 663018.45 | BG10: 262280.11 | BH10: 856542.75 | BI10: 384428.18 | BJ10: 338372.48 | BK10: 787725.78 | BL10: 183266.09 | BM10: 1701285.8 | BN10: 986423.15 | BO10: 560554.15 | BP10: 198048.2 | BQ10: 602299.59 | BR10: 288757.14 | BS10: 827950.9 | BT10: 822655.76 | BU10: 899398.85 | BV10: 947074.92 | BW10: 603671.81 | BX10: 1423300.4 | BY10: 804583.59 | BZ10: 730622.73 | CA10: 312194.25 | CB10: 325956.36 | CC10: 1543432.2 | CD10: 707403.91 | CE10: 196906.27 | CF10: 262629.25 | CG10: 842305.57 | CH10: 696188.88 | CI10: 1072386.2 | CJ10: 604073.18 | CK10: 1454472.7 | CL10: 1442128.5 | CM10: 199433.1 | CN10: 1521825 | CO10: 784628.53 | CP10: 1418710.6 | CQ10: 269974.42 | CR10: 1648662.1 | CS10: 1878154.8 | CT10: 349151.04 | CU10: 1898334.2 | CV10: 1538154.2 | CW10: 393513.65 | CX10: 714024.41
A11: 9 | B11: 295414.01 | C11: 1572121 | D11: 243373.74 | E11: 273089.18 | F11: 109025.31 | G11: 460471.8 | H11: 385364.24 | I11: 324847.66 | J11: 294247.43 | K11: 1003134.3 | L11: 187065.18 | M11: 379895.31 | N11: 119830.46 | O11: 485882.12 | P11: 1497021.9 | Q11: 543339.73 | R11: 250593.86 | S11: 461097.42 | T11: 230823.13 | U11: 126369.8 | V11: 201461.01 | W11: 1178102.5 | X11: 437580.2 | Y11: 304403.61 | Z11: 4904607.3 | AA11: 176035.47 | AB11: 737444.13 | AC11: 550014.47 | AD11: 420245.56 | AE11: 161044.04 | AF11: 445462.56 | AG11: 724299.44 | AH11: 726780.96 | AI11: 352513.19 | AJ11: 2301089 | AK11: 774641.27 | AL11: 245494.81 | AM11: 249244.14 | AN11: 422693.06 | AO11: 121564.41 | AP11: 944285.24 | AQ11: 1353705.5 | AR11: 106329.98 | AS11: 447661.68 | AT11: 1743386.4 | AU11: 550293.39 | AV11: 305937.16 | AW11: 454973.43 | AX11: 904350.67 | AY11: 449934.15 | AZ11: 448645.59 | BA11: 530165.25 | BB11: 2567039.9 | BC11: 215697.13 | BD11: 910815.29 | BE11: 468911.16 | BF11: 659492.13 | BG11: 415862.65 | BH11: 1000778.4 | BI11: 218335.15 | BJ11: 392760.69 | BK11: 931961.45 | BL11: 65450.942 | BM11: 1697759.4 | BN11: 982896.83 | BO11: 616507.81 | BP11: 63689.329 | BQ11: 616775.36 | BR11: 135199.4 | BS11: 972186.57 | BT11: 966891.43 | BU11: 1043634.5 | BV11: 943548.59 | BW11: 690434.86 | BX11: 1419774.1 | BY11: 948819.26 | BZ11: 727096.4 | CA11: 147040.2 | CB11: 187728.88 | CC11: 1539905.9 | CD11: 703877.58 | CE11: 318206.02 | CF11: 96536.211 | CG11: 840126.93 | CH11: 692662.56 | CI11: 1068859.9 | CJ11: 700689.88 | CK11: 1608923.5 | CL11: 1438602.2 | CM11: 353883.84 | CN11: 1518298.7 | CO11: 781102.2 | CP11: 1415184.2 | CQ11: 322819.32 | CR11: 1775791.3 | CS11: 1874628.5 | CT11: 399876.11 | CU11: 1894807.9 | CV11: 1534627.8 | CW11: 449467.31 | CX11: 710498.08
A12: 10 | B12: 171021.13 | C12: 1362837 | D12: 136099.77 | E12: 97162.574 | F12: 282041.01 | G12: 556086.31 | H12: 166519.18 | I12: 116218.29 | J12: 267985.62 | K12: 1117313.5 | L12: 200986.57 | M12: 137849.26 | N12: 255787.84 | O12: 312019.79 | P12: 1186601.7 | Q12: 233627.25 | R12: 197811.2 | S12: 286924.3 | T12: 273415.98 | U12: 422261.27 | V12: 172202.63 | W12: 968818.51 | X12: 270601.8 | Y12: 275835 | Z12: 4588763.9 | AA12: 356538.08 | AB12: 851623.36 | AC12: 381108.31 | AD12: 250450.16 | AE12: 479244.92 | AF12: 158630.55 | AG12: 462419.1 | AH12: 439732.32 | AI12: 27353.205 | AJ12: 1985245.5 | AK12: 835858.14 | AL12: 489791.45 | AM12: 126014.61 | AN12: 136030.32 | AO12: 478354.38 | AP12: 735001.23 | AQ12: 1043840.7 | AR12: 433561.1 | AS12: 162833.62 | AT12: 1518893.6 | AU12: 257938.14 | AV12: 404423.87 | AW12: 145622.73 | AX12: 695066.66 | AY12: 96979.384 | AZ12: 603831.31 | BA12: 200987 | BB12: 2246809.1 | BC12: 341377.98 | BD12: 1024994.5 | BE12: 165668.63 | BF12: 349627.34 | BG12: 414498.61 | BH12: 1114957.7 | BI12: 556817.44 | BJ12: 81416.297 | BK12: 1046140.7 | BL12: 336272.04 | BM12: 1488475.4 | BN12: 773612.81 | BO12: 267100.63 | BP12: 367410.42 | BQ12: 265246.02 | BR12: 443303.38 | BS12: 1086365.8 | BT12: 1081070.7 | BU12: 1157813.7 | BV12: 633683.81 | BW12: 425454.73 | BX12: 1210490.1 | BY12: 1062998.5 | BZ12: 517812.39 | CA12: 508313.79 | CB12: 474223.53 | CC12: 1277280.2 | CD12: 384454.89 | CE12: 511450.95 | CF12: 453430.29 | CG12: 525268.9 | CH12: 483378.55 | CI12: 859575.84 | CJ12: 520472.98 | CK12: 2828554 | CL12: 1229318.2 | CM12: 456300.29 | CN12: 1267550.9 | CO12: 471237.42 | CP12: 1205900.2 | CQ12: 96600.042 | CR12: 1459947.8 | CS12: 1665344.5 | CT12: 87552.393 | CU12: 1575132.5 | CV12: 1325343.8 | CW12: 155174.75 | CX12: 391226.88
A13: 11 | B13: 288691.54 | C13: 1510106.4 | D13: 222982.56 | E13: 207338.28 | F13: 119200.87 | G13: 306252.58 | H13: 328403.64 | I13: 272963.51 | J13: 72305.239 | K13: 867479.79 | L13: 190826.28 | M13: 317880.67 | N13: 142731.79 | O13: 451681.39 | P13: 1423873.1 | Q13: 470297 | R13: 86000.719 | S13: 426896.7 | T13: 14846.631 | U13: 302373.81 | V13: 129002.63 | W13: 1116087.9 | X13: 403379.48 | Y13: 82461.419 | Z13: 4677623.3 | AA13: 92233.061 | AB13: 601789.63 | AC13: 515813.74 | AD13: 385107.08 | AE13: 364485.57 | AF13: 383447.92 | AG13: 667341.45 | AH13: 664766.31 | AI13: 255453.88 | AJ13: 2074104.9 | AK13: 609412.17 | AL13: 228995.64 | AM13: 148021.92 | AN13: 360678.41 | AO13: 347346.53 | AP13: 882270.59 | AQ13: 1280662.8 | AR13: 225149.43 | AS13: 385647.03 | AT13: 1681371.7 | AU13: 488270.98 | AV13: 154590.14 | AW13: 381930.7 | AX13: 842336.02 | AY13: 349406.29 | AZ13: 353997.58 | BA13: 437656.75 | BB13: 2484080.5 | BC13: 80582.166 | BD13: 775160.79 | BE13: 406896.51 | BF13: 586449.4 | BG13: 199886.15 | BH13: 865123.92 | BI13: 440958.43 | BJ13: 252614.67 | BK13: 796306.95 | BL13: 216384.57 | BM13: 1635744.8 | BN13: 920882.18 | BO13: 474796.34 | BP13: 246345.69 | BQ13: 484540.7 | BR13: 323415.92 | BS13: 836532.07 | BT13: 831236.93 | BU13: 907980.02 | BV13: 870505.86 | BW13: 513274.93 | BX13: 1357759.4 | BY13: 813164.76 | BZ13: 665081.75 | CA13: 369722.33 | CB13: 354336.07 | CC13: 1477891.3 | CD13: 603749.56 | CE13: 261617.22 | CF13: 323343.07 | CG13: 766762.85 | CH13: 630647.91 | CI13: 1006845.2 | CJ13: 518335.75 | CK13: 1463053.9 | CL13: 1376587.5 | CM13: 206466.56 | CN13: 1456284.1 | CO13: 708059.47 | CP13: 1353169.6 | CQ13: 184216.61 | CR13: 1548807.2 | CS13: 1812613.9 | CT13: 263393.23 | CU13: 1822883.3 | CV13: 1472613.2 | CW13: 307755.84 | CX13: 609467.19
... A78: 76 | B78: 1113003 | C78: 2334417.9 | D78: 1054861.8 | E78: 1033214.1 | F78: 913352.59 | G78: 562561.85 | H78: 1152715.1 | I78: 1097275 | J78: 849182.06 | K78: 27678.313 | L78: 1005570.8 | M78: 1142192.2 | N78: 948634.54 | O78: 1275992.9 | P78: 1686172.5 | Q78: 1305636.6 | R78: 891394.24 | S78: 1251208.2 | T78: 828332.39 | U78: 1082457.7 | V78: 961536.1 | W78: 1940399.4 | X78: 1227691 | Y78: 854888.15 | Z78: 2656255.9 | AA78: 808425.17 | AB78: 256280.92 | AC78: 1340125.2 | AD78: 1209418.6 | AE78: 1113478.9 | AF78: 1207759.4 | AG78: 1491652.9 | AH78: 1489077.8 | AI78: 1064581 | AJ78: 40960.88 | AK78: 53884.064 | AL78: 737943.27 | AM78: 972800.74 | AN78: 1184989.9 | AO78: 1058815.4 | AP78: 1706582.1 | AQ78: 2116002.3 | AR78: 891592.52 | AS78: 1209958.5 | AT78: 2505683.2 | AU78: 1312582.5 | AV78: 690576.01 | AW78: 1202066.8 | AX78: 1666647.5 | AY78: 1154799.8 | AZ78: 538128.79 | BA78: 1257792.9 | BB78: 2580312.2 | BC78: 779192.81 | BD78: 74522.884 | BE78: 1231208 | BF78: 1421789 | BG78: 735720.29 | BH78: 25015.277 | BI78: 1152427.3 | BJ78: 1058008.2 | BK78: 131580.2 | BL78: 1001663.3 | BM78: 2460056.3 | BN78: 1745193.7 | BO78: 1270407.3 | BP78: 1016445.4 | BQ78: 1304393.8 | BR78: 1089202.7 | BS78: 109464.44 | BT78: 39035.178 | BU78: 88020.062 | BV78: 1705845.4 | BW78: 848883.88 | BX78: 2182070.9 | BY78: 70750.257 | BZ78: 1489393.2 | CA78: 1073685.5 | CB78: 1141304.6 | CC78: 2302202.7 | CD78: 1423602.7 | CE78: 654813.04 | CF78: 1043242.5 | CG78: 1631816.6 | CH78: 1454959.4 | CI78: 1831156.7 | CJ78: 698159.8 | CK78: 862750.86 | CL78: 2200899 | CM78: 638391.76 | CN78: 2280595.5 | CO78: 1543399 | CP78: 2177481.1 | CQ78: 989610.13 | CR78: 1766169.3 | CS78: 2636925.3 | CT78: 1068786.7 | CU78: 2657104.7 | CV78: 2296924.7 | CW78: 1113149.4 | CX78: 1131107.8

Sheet emissionsRtoM
B1: 178 | C1: 179 | D1: 180 | E1: 181 | F1: 182 | G1: 183 | H1: 184 | I1: 185 | J1: 186 | K1: 187 | L1: 188 | M1: 189 | N1: 190 | O1: 191 | P1: 192 | Q1: 193 | R1: 194 | S1: 195
A2: 77 | B2: 110586.92 | C2: 1129494.8 | D2: 109442.14 | E2: 617055.9 | F2: 1139594.7 | G2: 343488.09 | H2: 109158.43 | I2: 101449.9 | J2: 166769.53 | K2: 365742.45 | L2: 489596.44 | M2: 266023.02 | N2: 263934.67 | O2: 107635.18 | P2: 299905.35 | Q2: 421225.4 | R2: 365153.67 | S2: 424965.27
A3: 78 | B3: 1300881.7 | C3: 2348336.9 | D3: 1381499.9 | E3: 1835898 | F3: 2358436.8 | G3: 1593720.1 | H3: 1380748.4 | I3: 1298259.9 | J3: 1080658.1 | K3: 1641489.5 | L3: 1707475.8 | M3: 1424981.7 | N3: 1422977.8 | O3: 1204779 | P3: 1517795.9 | Q3: 1639116 | R3: 1583044.2 | S3: 1699219.5
A4: 79 | B4: 75970.845 | C4: 1073769.8 | D4: 58654.965 | E4: 560189.59 | F4: 1083869.7 | G4: 294864.74 | H4: 57001.047 | I4: 47101.912 | J4: 243838.09 | K4: 314635.84 | L4: 429458.76 | M4: 252157.56 | N4: 248137.18 | O4: 161178.36 | P4: 243228.85 | Q4: 364548.9 | R4: 308477.17 | S4: 373301.73
A5: 80 | B5: 33256.326 | C5: 1045031.5 | D5: 99527.452 | E5: 534404.2 | F5: 1056943 | G5: 292226.31 | H5: 97873.534 | I5: 19434.276 | J5: 264460.13 | K5: 343099.11 | L5: 403824.95 | M5: 217466.94 | N5: 213473.71 | O5: 150541.01 | P5: 216302.12 | Q5: 337622.18 | R5: 263052.38 | S5: 398479.31
A6: 81 | B6: 218395.74 | C6: 931208.46 | D6: 103095.49 | E6: 419439.8 | F6: 943119.93 | G6: 146139.64 | H6: 109668.21 | I6: 188573.1 | J6: 395066.08 | K6: 192935.67 | L6: 288617.26 | M6: 401953.48 | N6: 397933.1 | O6: 319965.65 | P6: 162652.5 | Q6: 223693.19 | R6: 240949.25 | S6: 207970.34
A7: 82 | B7: 531970.33 | C7: 577564.72 | D7: 484249.99 | E7: 65140.164 | F7: 589476.2 | G7: 242351.08 | H7: 490822.71 | I7: 503141.62 | J7: 738641.18 | K7: 583968.3 | L7: 100719.01 | M7: 645076.57 | N7: 641056.19 | O7: 636458.13 | P7: 300833.02 | Q7: 153365.04 | R7: 351425.56 | S7: 284823.38
A8: 83 | B8: 121804.49 | C8: 1167448.1 | D8: 196818.04 | E8: 655679.45 | F8: 1179359.6 | G8: 414642.9 | H8: 196534.33 | I8: 119182.69 | J8: 150032.05 | K8: 456648.29 | L8: 526241.53 | M8: 238398.68 | N8: 236394.79 | O8: 30582.095 | P8: 338718.71 | Q8: 460038.76 | R8: 403967.03 | S8: 515870.68
A9: 84 | B9: 58107.783 | C9: 1110731 | D9: 140586.54 | E9: 598962.31 | F9: 1122642.4 | G9: 357925.75 | H9: 140302.83 | I9: 62408.407 | J9: 202484.88 | K9: 399428.45 | L9: 469524.39 | M9: 198186.58 | N9: 196098.23 | O9: 75276.757 | P9: 282001.56 | Q9: 403321.62 | R9: 337943.98 | S9: 453931.73
A10: 85 | B10: 266743.53 | C10: 862232.47 | D10: 249985.68 | E10: 350463.81 | F10: 874143.94 | G10: 122279.02 | H10: 251730.22 | I10: 247127.91 | J10: 482627.47 | K10: 386024.79 | L10: 221025.89 | M10: 350074.9 | N10: 346054.51 | O10: 380444.42 | P10: 40046.3 | Q10: 154823.12 | R10: 55602.297 | S10: 234885.23
A11: 86 | B11: 1093242.3 | C11: 20651.098 | D11: 1036337.4 | E11: 542405.28 | F11: 17316.203 | G11: 807244.21 | H11: 1042910.2 | I11: 1064413.6 | J11: 1299913.2 | K11: 1121628.8 | L11: 663710.92 | M11: 1206348.6 | N11: 1202328.2 | O11: 1197730.1 | P11: 862105.02 | Q11: 736063.99 | R11: 928819.35 | S11: 792801.49
A12: 87 | B12: 140127.3 | C12: 1021508.1 | D12: 13361.917 | E12: 509739.45 | F12: 1033419.6 | G12: 237312.98 | H12: 19934.642 | I12: 110355.42 | J12: 305461.79 | K12: 259567.34 | L12: 378916.91 | M12: 316097.52 | N12: 312077.14 | O12: 225163.99 | P12: 224650 | Q12: 317906.72 | R12: 289898.32 | S12: 318790.16
A13: 88 | B13: 99713.242 | C13: 1155926.4 | D13: 189840.32 | E13: 644157.72 | F13: 1167837.9 | G13: 403121.17 | H13: 189556.61 | I13: 107660.96 | J13: 179488.89 | K13: 450890.58 | L13: 514719.8 | M13: 200659.43 | N13: 198655.53 | O13: 26989.598 | P13: 327196.98 | Q13: 448517.03 | R13: 385402.11 | S13: 508620.57
... A102: 177 | B102: 418731.7 | C102: 1122063.8 | D102: 524676.58 | E102: 937748.62 | F102: 1118728.9 | G102: 719040.02 | H102: 524392.87 | I102: 434792.4 | J102: 520591.19 | K102: 778022.02 | L102: 823107.11 | M102: 276889.97 | N102: 279172.04 | O102: 401617.37 | P102: 590367.3 | Q102: 764093.47 | R102: 567363.81 | S102: 835752.01

Sheet emissionsCtoR_adapt
B1: 77 | C1: 78 | D1: 79 | E1: 80 | F1: 81 | G1: 82 | H1: 83 | I1: 84 | J1: 85 | K1: 86 | L1: 87 | M1: 88 | N1: 89 | O1: 90 | P1: 91 | Q1: 92 | R1: 93 | S1: 94 | T1: 95 | U1: 96 | V1: 97 | W1: 98 | X1: 99 | Y1: 100 | Z1: 101 | AA1: 102 | AB1: 103 | AC1: 104 | AD1: 105 | AE1: 106 | AF1: 107 | AG1: 108 | AH1: 109 | AI1: 110 | AJ1: 111 | AK1: 112 | AL1: 113 | AM1: 114 | AN1: 115 | AO1: 116 | AP1: 117 | AQ1: 118 | AR1: 119 | AS1: 120 | AT1: 121 | AU1: 122 | AV1: 123 | AW1: 124 | AX1: 125 | AY1: 126 | AZ1: 127 | BA1: 128 | BB1: 129 | BC1: 130 | BD1: 131 | BE1: 132 | BF1: 133 | BG1: 134 | BH1: 135 | BI1: 136 | BJ1: 137 | BK1: 138 | BL1: 139 | BM1: 140 | BN1: 141 | BO1: 142 | BP1: 143 | BQ1: 144 | BR1: 145 | BS1: 146 | BT1: 147 | BU1: 148 | BV1: 149 | BW1: 150 | BX1: 151 | BY1: 152 | BZ1: 153 | CA1: 154 | CB1: 155 | CC1: 156 | CD1: 157 | CE1: 158 | CF1: 159 | CG1: 160 | CH1: 161 | CI1: 162 | CJ1: 163 | CK1: 164 | CL1: 165 | CM1: 166 | CN1: 167 | CO1: 168 | CP1: 169 | CQ1: 170 | CR1: 171 | CS1: 172 | CT1: 173 | CU1: 174 | CV1: 175 | CW1: 176 | CX1: 177
A2: 0 | B2: =emissionsCtoR!B2/10000000 -> 0.021601224 | C2: =emissionsCtoR!C2/10000000 -> 0.14372364 | D2: =emissionsCtoR!D2/10000000 -> 0.015787097 | E2: =emissionsCtoR!E2/10000000 -> 0.010794542 | F2: =emissionsCtoR!F2/10000000 -> 0.017487826 | G2: =emissionsCtoR!G2/10000000 -> 0.04333779 | H2: =emissionsCtoR!H2/10000000 -> 0.024831731 | I2: =emissionsCtoR!I2/10000000 -> 0.018300601 | ... CX2: =emissionsCtoR!CX2/10000000 -> 0.048955744
A3: 1 | B3: =emissionsCtoR!B3/10000000 -> 0.12064103 | C3: =emissionsCtoR!C3/10000000 -> 0.020591427 | D3: =emissionsCtoR!D3/10000000 -> 0.12838014 | E3: =emissionsCtoR!E3/10000000 -> 0.12707318 | F3: =emissionsCtoR!F3/10000000 -> 0.14391973 | G3: =emissionsCtoR!G3/10000000 -> 0.17542266 | H3: =emissionsCtoR!H3/10000000 -> 0.11425484 | I3: =emissionsCtoR!I3/10000000 -> 0.11966705 | ... CX3: =emissionsCtoR!CX3/10000000 -> 0.11938754
A4: 2 | B4: =emissionsCtoR!B4/10000000 -> 0.035649596 | C4: =emissionsCtoR!C4/10000000 -> 0.15495711 | D4: =emissionsCtoR!D4/10000000 -> 0.029835469 | E4: =emissionsCtoR!E4/10000000 -> 0.02404143 | F4: =emissionsCtoR!F4/10000000 -> 0.02876688 | G4: =emissionsCtoR!G4/10000000 -> 0.042197018 | H4: =emissionsCtoR!H4/10000000 -> 0.035742592 | I4: =emissionsCtoR!I4/10000000 -> 0.030295241 | ... CX4: =emissionsCtoR!CX4/10000000 -> 0.046541719
A5: 3 | B5: =emissionsCtoR!B5/10000000 -> 0.013134064 | C5: =emissionsCtoR!C5/10000000 -> 0.11732054 | D5: =emissionsCtoR!D5/10000000 -> 0.017742877 | E5: =emissionsCtoR!E5/10000000 -> 0.016233607 | F5: =emissionsCtoR!F5/10000000 -> 0.033145178 | G5: =emissionsCtoR!G5/10000000 -> 0.064648105 | H5: =emissionsCtoR!H5/10000000 -> 0.0061048498 | I5: =emissionsCtoR!I5/10000000 -> 0.0086467887 | ... CX5: =emissionsCtoR!CX5/10000000 -> 0.03632274
A6: 4 | B6: =emissionsCtoR!B6/10000000 -> 0.035785496 | C6: =emissionsCtoR!C6/10000000 -> 0.11383513 | D6: =emissionsCtoR!D6/10000000 -> 0.041388249 | E6: =emissionsCtoR!E6/10000000 -> 0.039940332 | F6: =emissionsCtoR!F6/10000000 -> 0.056786889 | G6: =emissionsCtoR!G6/10000000 -> 0.088289816 | H6: =emissionsCtoR!H6/10000000 -> 0.026785584 | I6: =emissionsCtoR!I6/10000000 -> 0.032275009 | ... CX6: =emissionsCtoR!CX6/10000000 -> 0.029072308
A7: 5 | B7: =emissionsCtoR!B7/10000000 -> 0.035113917 | C7: =emissionsCtoR!C7/10000000 -> 0.110208 | D7: =emissionsCtoR!D7/10000000 -> 0.042570366 | E7: =emissionsCtoR!E7/10000000 -> 0.041122449 | F7: =emissionsCtoR!F7/10000000 -> 0.057969007 | G7: =emissionsCtoR!G7/10000000 -> 0.089471934 | H7: =emissionsCtoR!H7/10000000 -> 0.027967701 | I7: =emissionsCtoR!I7/10000000 -> 0.033457126 | ... CX7: =emissionsCtoR!CX7/10000000 -> 0.033121456
A8: 6 | B8: =emissionsCtoR!B8/10000000 -> 0.019846585 | C8: =emissionsCtoR!C8/10000000 -> 0.13559315 | D8: =emissionsCtoR!D8/10000000 -> 0.020142071 | E8: =emissionsCtoR!E8/10000000 -> 0.017572807 | F8: =emissionsCtoR!F8/10000000 -> 0.03501725 | G8: =emissionsCtoR!G8/10000000 -> 0.065551216 | H8: =emissionsCtoR!H8/10000000 -> 0.016700253 | I8: =emissionsCtoR!I8/10000000 -> 0.012726872 | ... CX8: =emissionsCtoR!CX8/10000000 -> 0.027454956
A9: 7 | B9: =emissionsCtoR!B9/10000000 -> 0.011286142 | C9: =emissionsCtoR!C9/10000000 -> 0.13094486 | D9: =emissionsCtoR!D9/10000000 -> 0.0057414708 | E9: =emissionsCtoR!E9/10000000 -> 0.00074831392 | F9: =emissionsCtoR!F9/10000000 -> 0.019015446 | G9: =emissionsCtoR!G9/10000000 -> 0.050208035 | H9: =emissionsCtoR!H9/10000000 -> 0.012774582 | I9: =emissionsCtoR!I9/10000000 -> 0.0070452799 | ... CX9: =emissionsCtoR!CX9/10000000 -> 0.044245609
A10: 8 | B10: =emissionsCtoR!B10/10000000 -> 0.030054043 | C10: =emissionsCtoR!C10/10000000 -> 0.15756473 | D10: =emissionsCtoR!D10/10000000 -> 0.024850016 | E10: =emissionsCtoR!E10/10000000 -> 0.027287925 | F10: =emissionsCtoR!F10/10000000 -> 0.010129812 | G10: =emissionsCtoR!G10/10000000 -> 0.030602106 | H10: =emissionsCtoR!H10/10000000 -> 0.039348577 | I10: =emissionsCtoR!I10/10000000 -> 0.032924277 | ... CX10: =emissionsCtoR!CX10/10000000 -> 0.071402441
A11: 9 | B11: =emissionsCtoR!B11/10000000 -> 0.029541401 | C11: =emissionsCtoR!C11/10000000 -> 0.1572121 | D11: =emissionsCtoR!D11/10000000 -> 0.024337374 | E11: =emissionsCtoR!E11/10000000 -> 0.027308918 | F11: =emissionsCtoR!F11/10000000 -> 0.010902531 | G11: =emissionsCtoR!G11/10000000 -> 0.04604718 | H11: =emissionsCtoR!H11/10000000 -> 0.038536424 | I11: =emissionsCtoR!I11/10000000 -> 0.032484766 | ... CX11: =emissionsCtoR!CX11/10000000 -> 0.071049808
A12: 10 | B12: =emissionsCtoR!B12/10000000 -> 0.017102113 | C12: =emissionsCtoR!C12/10000000 -> 0.1362837 | D12: =emissionsCtoR!D12/10000000 -> 0.013609977 | E12: =emissionsCtoR!E12/10000000 -> 0.0097162574 | F12: =emissionsCtoR!F12/10000000 -> 0.028204101 | G12: =emissionsCtoR!G12/10000000 -> 0.055608631 | H12: =emissionsCtoR!H12/10000000 -> 0.016651918 | I12: =emissionsCtoR!I12/10000000 -> 0.011621829 | ... CX12: =emissionsCtoR!CX12/10000000 -> 0.039122688
A13: 11 | B13: =emissionsCtoR!B13/10000000 -> 0.028869154 | C13: =emissionsCtoR!C13/10000000 -> 0.15101064 | D13: =emissionsCtoR!D13/10000000 -> 0.022298256 | E13: =emissionsCtoR!E13/10000000 -> 0.020733828 | F13: =emissionsCtoR!F13/10000000 -> 0.011920087 | G13: =emissionsCtoR!G13/10000000 -> 0.030625258 | H13: =emissionsCtoR!H13/10000000 -> 0.032840364 | I13: =emissionsCtoR!I13/10000000 -> 0.027296351 | ... CX13: =emissionsCtoR!CX13/10000000 -> 0.060946719
... A78: 76 | B78: =emissionsCtoR!B78/10000000 -> 0.1113003 | C78: =emissionsCtoR!C78/10000000 -> 0.23344179 | D78: =emissionsCtoR!D78/10000000 -> 0.10548618 | E78: =emissionsCtoR!E78/10000000 -> 0.10332141 | F78: =emissionsCtoR!F78/10000000 -> 0.091335259 | G78: =emissionsCtoR!G78/10000000 -> 0.056256185 | H78: =emissionsCtoR!H78/10000000 -> 0.11527151 | I78: =emissionsCtoR!I78/10000000 -> 0.1097275 | ... CX78: =emissionsCtoR!CX78/10000000 -> 0.11311078

Sheet emissionsRtoM_adapt
B1: 178 | C1: 179 | D1: 180 | E1: 181 | F1: 182 | G1: 183 | H1: 184 | I1: 185 | J1: 186 | K1: 187 | L1: 188 | M1: 189 | N1: 190 | O1: 191 | P1: 192 | Q1: 193 | R1: 194 | S1: 195
A2: 77 | B2: =emissionsRtoM!B2/10000000 -> 0.011058692 | C2: =emissionsRtoM!C2/10000000 -> 0.11294948 | D2: =emissionsRtoM!D2/10000000 -> 0.010944214 | E2: =emissionsRtoM!E2/10000000 -> 0.06170559 | F2: =emissionsRtoM!F2/10000000 -> 0.11395947 | G2: =emissionsRtoM!G2/10000000 -> 0.034348809 | H2: =emissionsRtoM!H2/10000000 -> 0.010915843 | I2: =emissionsRtoM!I2/10000000 -> 0.01014499 | ... S2: =emissionsRtoM!S2/10000000 -> 0.042496527
A3: 78 | B3: =emissionsRtoM!B3/10000000 -> 0.13008817 | C3: =emissionsRtoM!C3/10000000 -> 0.23483369 | D3: =emissionsRtoM!D3/10000000 -> 0.13814999 | E3: =emissionsRtoM!E3/10000000 -> 0.1835898 | F3: =emissionsRtoM!F3/10000000 -> 0.23584368 | G3: =emissionsRtoM!G3/10000000 -> 0.15937201 | H3: =emissionsRtoM!H3/10000000 -> 0.13807484 | I3: =emissionsRtoM!I3/10000000 -> 0.12982599 | ... S3: =emissionsRtoM!S3/10000000 -> 0.16992195
A4: 79 | B4: =emissionsRtoM!B4/10000000 -> 0.0075970845 | C4: =emissionsRtoM!C4/10000000 -> 0.10737698 | D4: =emissionsRtoM!D4/10000000 -> 0.0058654965 | E4: =emissionsRtoM!E4/10000000 -> 0.056018959 | F4: =emissionsRtoM!F4/10000000 -> 0.10838697 | G4: =emissionsRtoM!G4/10000000 -> 0.029486474 | H4: =emissionsRtoM!H4/10000000 -> 0.0057001047 | I4: =emissionsRtoM!I4/10000000 -> 0.0047101912 | ... S4: =emissionsRtoM!S4/10000000 -> 0.037330173
A5: 80 | B5: =emissionsRtoM!B5/10000000 -> 0.0033256326 | C5: =emissionsRtoM!C5/10000000 -> 0.10450315 | D5: =emissionsRtoM!D5/10000000 -> 0.0099527452 | E5: =emissionsRtoM!E5/10000000 -> 0.05344042 | F5: =emissionsRtoM!F5/10000000 -> 0.1056943 | G5: =emissionsRtoM!G5/10000000 -> 0.029222631 | H5: =emissionsRtoM!H5/10000000 -> 0.0097873534 | I5: =emissionsRtoM!I5/10000000 -> 0.0019434276 | ... S5: =emissionsRtoM!S5/10000000 -> 0.039847931
A6: 81 | B6: =emissionsRtoM!B6/10000000 -> 0.021839574 | C6: =emissionsRtoM!C6/10000000 -> 0.093120846 | D6: =emissionsRtoM!D6/10000000 -> 0.010309549 | E6: =emissionsRtoM!E6/10000000 -> 0.04194398 | F6: =emissionsRtoM!F6/10000000 -> 0.094311993 | G6: =emissionsRtoM!G6/10000000 -> 0.014613964 | H6: =emissionsRtoM!H6/10000000 -> 0.010966821 | I6: =emissionsRtoM!I6/10000000 -> 0.01885731 | ... S6: =emissionsRtoM!S6/10000000 -> 0.020797034
A7: 82 | B7: =emissionsRtoM!B7/10000000 -> 0.053197033 | C7: =emissionsRtoM!C7/10000000 -> 0.057756472 | D7: =emissionsRtoM!D7/10000000 -> 0.048424999 | E7: =emissionsRtoM!E7/10000000 -> 0.0065140164 | F7: =emissionsRtoM!F7/10000000 -> 0.05894762 | G7: =emissionsRtoM!G7/10000000 -> 0.024235108 | H7: =emissionsRtoM!H7/10000000 -> 0.049082271 | I7: =emissionsRtoM!I7/10000000 -> 0.050314162 | ... S7: =emissionsRtoM!S7/10000000 -> 0.028482338
A8: 83 | B8: =emissionsRtoM!B8/10000000 -> 0.012180449 | C8: =emissionsRtoM!C8/10000000 -> 0.11674481 | D8: =emissionsRtoM!D8/10000000 -> 0.019681804 | E8: =emissionsRtoM!E8/10000000 -> 0.065567945 | F8: =emissionsRtoM!F8/10000000 -> 0.11793596 | G8: =emissionsRtoM!G8/10000000 -> 0.04146429 | H8: =emissionsRtoM!H8/10000000 -> 0.019653433 | I8: =emissionsRtoM!I8/10000000 -> 0.011918269 | ... S8: =emissionsRtoM!S8/10000000 -> 0.051587068
A9: 84 | B9: =emissionsRtoM!B9/10000000 -> 0.0058107783 | C9: =emissionsRtoM!C9/10000000 -> 0.1110731 | D9: =emissionsRtoM!D9/10000000 -> 0.014058654 | E9: =emissionsRtoM!E9/10000000 -> 0.059896231 | F9: =emissionsRtoM!F9/10000000 -> 0.11226424 | G9: =emissionsRtoM!G9/10000000 -> 0.035792575 | H9: =emissionsRtoM!H9/10000000 -> 0.014030283 | I9: =emissionsRtoM!I9/10000000 -> 0.0062408407 | ... S9: =emissionsRtoM!S9/10000000 -> 0.045393173
A10: 85 | B10: =emissionsRtoM!B10/10000000 -> 0.026674353 | C10: =emissionsRtoM!C10/10000000 -> 0.086223247 | D10: =emissionsRtoM!D10/10000000 -> 0.024998568 | E10: =emissionsRtoM!E10/10000000 -> 0.035046381 | F10: =emissionsRtoM!F10/10000000 -> 0.087414394 | G10: =emissionsRtoM!G10/10000000 -> 0.012227902 | H10: =emissionsRtoM!H10/10000000 -> 0.025173022 | I10: =emissionsRtoM!I10/10000000 -> 0.024712791 | ... S10: =emissionsRtoM!S10/10000000 -> 0.023488523
A11: 86 | B11: =emissionsRtoM!B11/10000000 -> 0.10932423 | C11: =emissionsRtoM!C11/10000000 -> 0.0020651098 | D11: =emissionsRtoM!D11/10000000 -> 0.10363374 | E11: =emissionsRtoM!E11/10000000 -> 0.054240528 | F11: =emissionsRtoM!F11/10000000 -> 0.0017316203 | G11: =emissionsRtoM!G11/10000000 -> 0.080724421 | H11: =emissionsRtoM!H11/10000000 -> 0.10429102 | I11: =emissionsRtoM!I11/10000000 -> 0.10644136 | ... S11: =emissionsRtoM!S11/10000000 -> 0.079280149
A12: 87 | B12: =emissionsRtoM!B12/10000000 -> 0.01401273 | C12: =emissionsRtoM!C12/10000000 -> 0.10215081 | D12: =emissionsRtoM!D12/10000000 -> 0.0013361917 | E12: =emissionsRtoM!E12/10000000 -> 0.050973945 | F12: =emissionsRtoM!F12/10000000 -> 0.10334196 | G12: =emissionsRtoM!G12/10000000 -> 0.023731298 | H12: =emissionsRtoM!H12/10000000 -> 0.0019934642 | I12: =emissionsRtoM!I12/10000000 -> 0.011035542 | ... S12: =emissionsRtoM!S12/10000000 -> 0.031879016
A13: 88 | B13: =emissionsRtoM!B13/10000000 -> 0.0099713242 | C13: =emissionsRtoM!C13/10000000 -> 0.11559264 | D13: =emissionsRtoM!D13/10000000 -> 0.018984032 | E13: =emissionsRtoM!E13/10000000 -> 0.064415772 | F13: =emissionsRtoM!F13/10000000 -> 0.11678379 | G13: =emissionsRtoM!G13/10000000 -> 0.040312117 | H13: =emissionsRtoM!H13/10000000 -> 0.018955661 | I13: =emissionsRtoM!I13/10000000 -> 0.010766096 | ... S13: =emissionsRtoM!S13/10000000 -> 0.050862057
... A102: 177 | B102: =emissionsRtoM!B102/10000000 -> 0.04187317 | C102: =emissionsRtoM!C102/10000000 -> 0.11220638 | D102: =emissionsRtoM!D102/10000000 -> 0.052467658 | E102: =emissionsRtoM!E102/10000000 -> 0.093774862 | F102: =emissionsRtoM!F102/10000000 -> 0.11187289 | G102: =emissionsRtoM!G102/10000000 -> 0.071904002 | H102: =emissionsRtoM!H102/10000000 -> 0.052439287 | I102: =emissionsRtoM!I102/10000000 -> 0.04347924 | ... S102: =emissionsRtoM!S102/10000000 -> 0.083575201
